Keeper_Names,Player_valuation,Age,Height,Position,Foot,Y_Contract_Left,Actual_Club,Data_League,Goals.Against,Shots.on.Target.Against,Saves,Save.,Wins,Draws,Losses,Clean.Sheets,Clean.Sheet.Percentage,Penalty.Kicks.Attempted,Penalty.Kicks.Allowed,Penalty.Kicks.Saved,Penalty.Kicks.Missed,Save...Penalty.Kicks.,Goals.Against.1,Penalty.Kicks.Allowed.1,Free.Kick.Goals.Against,Corner.Kick.Goals.Against,Own.Goals.Scored.Against.Goalkeeper,PSxG,PSxG.SoT,PSxG.GA,Passes.Completed..Launched.,Passes.Attempted..Launched.,Pass.Completion.Percentage..Launched.,Passes.Attempted,Throws.Attempted,Launch.,Average.Pass.Length,Goal.Kicks,Launch...Goal.Kicks.,Avg..Length.of.Goal.Kicks,Crosses.Faced,Crosses.Stopped,Crosses.Stopped..,Def..Actions.Outside.Pen..Area,Avg..Distance.of.Def..Actions
Aarón Escandell,1000000,26,1.85,Goalkeeper,right,1.32602739726027,Granada CF,La Liga,1.72,4.66,3.19,68.4,0.12,0.37,0.49,0.25,25.0,0.25,0.25,0.0,0.0,0.0,1.72,0.25,0.0,0.0,0.0,1.69,0.34,-0.02,9.44,24.77,38.1,25.26,3.19,70.9,50.4,8.58,80.0,59.1,8.71,0.61,7.0,2.33,16.5
Aaron Ramsdale,25000000,23,1.91,Goalkeeper,right,3.32876712328767,Arsenal FC,Premier League,1.19,4.5,3.31,76.4,0.53,0.09,0.38,0.44,43.8,0.13,0.13,0.0,0.0,0.0,1.19,0.13,0.0,0.0,0.06,1.19,0.24,0.06,6.47,18.03,35.9,27.0,4.94,47.0,40.7,6.81,78.4,61.3,7.47,0.66,8.8,0.66,15.0
Abdoulaye Diallo,300000,29,1.91,Goalkeeper,right,,Without Club,Ligue 1,0.73,3.27,2.73,83.3,0.55,0.36,0.18,0.36,33.3,0.18,0.18,0.0,0.0,0.0,0.73,0.18,0.0,0.18,0.0,0.87,0.22,0.15,5.82,12.73,45.7,20.36,4.18,42.9,36.3,6.36,62.9,46.7,6.73,0.55,8.1,0.55,13.7
Aitor Fernández,4000000,30,1.82,Goalkeeper,right,2.32876712328767,Levante UD,La Liga,2.1,5.41,3.46,62.0,0.15,0.3,0.55,0.2,20.0,0.1,0.05,0.05,0.0,50.0,2.1,0.05,0.0,0.45,0.1,1.73,0.31,-0.28,4.61,11.93,38.7,23.25,4.71,40.3,37.8,6.87,37.2,34.1,7.82,0.5,6.4,0.85,15.4
Alban Lafont,10000000,23,1.96,Goalkeeper,right,2.32876712328767,FC Nantes,Ligue 1,1.11,3.94,2.92,73.9,0.44,0.19,0.36,0.25,25.0,0.17,0.08,0.08,0.0,50.0,1.11,0.08,0.03,0.11,0.03,1.13,0.25,0.05,5.64,17.83,31.6,21.36,2.97,55.0,46.5,7.31,83.3,59.7,7.53,0.53,7.0,0.64,15.0
Alberto Brignoli,1200000,30,1.88,Goalkeeper,left,2.32876712328767,Panathinaikos Athens,Serie A,2.48,5.69,3.36,59.2,0.08,0.16,0.64,0.08,9.1,0.32,0.16,0.0,0.16,0.0,2.48,0.16,0.0,0.48,0.0,2.32,0.4,-0.16,7.37,21.3,34.6,29.95,4.88,51.3,43.2,8.25,71.8,56.1,11.53,2.0,17.4,1.28,17.0
Aleksandar Jovanovic,500000,29,1.9,Goalkeeper,right,2.24657534246575,Apollon Limassol,Superliga,1.58,3.58,2.25,60.5,0.08,0.33,0.58,0.0,0.0,0.17,0.17,0.0,0.0,0.0,1.58,0.17,0.08,0.08,0.08,1.32,0.33,-0.18,6.58,20.67,31.9,21.25,1.83,68.6,50.0,6.67,91.3,64.9,7.58,0.42,5.5,0.42,13.9
Alessio Cragno,14000000,27,1.84,Goalkeeper,right,2.32876712328767,Cagliari Calcio,Serie A,1.71,4.65,3.03,67.1,0.18,0.35,0.47,0.06,5.9,0.21,0.18,0.03,0.0,14.3,1.71,0.18,0.12,0.26,0.03,1.56,0.3,-0.12,8.56,19.74,43.4,24.79,3.24,56.0,42.5,8.21,71.3,50.5,8.97,0.79,8.9,0.5,14.4
Alex McCarthy,3500000,32,1.93,Goalkeeper,right,0.326027397260274,Southampton FC,Premier League,1.67,4.67,3.0,65.3,0.19,0.38,0.43,0.24,23.8,0.05,0.05,0.0,0.0,0.0,1.67,0.05,0.0,0.38,0.0,1.51,0.32,-0.16,5.24,16.48,31.8,24.33,4.19,46.0,38.5,7.29,72.5,53.0,8.71,1.0,11.5,0.24,12.5
Alex Meret,15000000,24,1.9,Goalkeeper,left,1.32602739726027,SSC Napoli,Serie A,1.29,3.05,1.86,60.9,0.62,0.19,0.19,0.24,23.8,0.1,0.1,0.0,0.0,0.0,1.29,0.1,0.05,0.14,0.0,1.0,0.3,-0.29,2.71,4.9,55.3,19.62,3.62,17.0,26.4,5.95,26.4,28.8,7.24,0.48,6.6,0.33,15.2
Álex Remiro,22000000,26,1.91,Goalkeeper,right,1.32602739726027,Real Sociedad,La Liga,1.0,2.98,2.05,68.9,0.44,0.32,0.24,0.49,48.8,0.12,0.07,0.02,0.02,25.0,1.0,0.07,0.02,0.2,0.02,0.95,0.29,-0.03,7.24,15.63,46.3,27.73,3.59,41.2,36.4,6.8,62.0,49.8,8.22,0.56,6.8,0.98,16.3
Alexander Nübel,6000000,25,1.93,Goalkeeper,right,1.32602739726027,AS Monaco,Ligue 1,1.06,3.18,2.39,72.4,0.42,0.33,0.24,0.27,27.3,0.21,0.18,0.0,0.03,0.0,1.06,0.18,0.0,0.15,0.09,1.1,0.29,0.13,4.64,12.7,36.5,25.79,4.21,34.3,35.0,7.15,53.8,44.9,6.91,0.36,5.3,0.55,15.0
Alexander Schwolow,5000000,29,1.9,Goalkeeper,right,3.32876712328767,Hertha BSC,Bundesliga,1.87,4.97,3.26,66.2,0.26,0.32,0.42,0.19,19.4,0.19,0.19,0.0,0.0,0.0,1.87,0.19,0.03,0.23,0.0,1.84,0.34,-0.04,6.52,15.29,42.6,26.61,5.68,37.0,35.5,8.52,64.0,49.4,10.48,0.45,4.3,0.55,13.7
Alexandre Letellier,400000,31,1.93,Goalkeeper,right,0.326027397260274,Paris Saint-Germain,Swiss Super League,1.31,3.54,2.46,67.4,0.15,0.54,0.31,0.08,7.7,0.15,0.15,0.0,0.0,0.0,1.31,0.15,0.0,0.23,0.08,1.05,0.27,-0.18,5.54,12.62,43.9,15.15,3.38,53.3,43.9,4.54,100.0,72.1,10.23,0.69,6.8,0.46,16.5
Alexandre Oukidja,1500000,33,1.84,Goalkeeper,right,1.32602739726027,FC Metz,Ligue 1,1.92,4.21,2.6,61.0,0.12,0.36,0.52,0.16,16.0,0.28,0.28,0.0,0.0,0.0,1.92,0.28,0.04,0.16,0.08,1.71,0.35,-0.13,7.21,16.3,44.2,20.55,5.93,51.3,43.2,7.53,76.6,56.5,8.33,1.12,13.5,1.12,16.3
Alfred Gomis,8000000,28,1.96,Goalkeeper,right,3.32876712328767,Stade Rennais FC,Ligue 1,0.9,2.48,1.65,70.1,0.55,0.19,0.26,0.39,38.7,0.16,0.16,0.0,0.0,0.0,0.9,0.16,0.0,0.1,0.0,0.94,0.34,0.04,5.13,11.74,43.7,25.0,4.9,31.2,32.1,6.16,63.9,48.9,8.65,0.58,6.7,0.55,14.5
Alphonse Areola,12000000,29,1.95,Goalkeeper,right,0.326027397260274,West Ham United,Premier League,1.38,4.06,2.81,67.7,0.25,0.19,0.56,0.25,25.0,0.06,0.06,0.0,0.0,0.0,1.38,0.06,0.0,0.13,0.06,1.48,0.36,0.17,5.56,13.38,41.6,22.63,3.75,40.1,35.2,7.69,56.1,42.8,7.25,0.31,4.3,0.5,13.7
Álvaro Fernández,4000000,23,1.86,Goalkeeper,left,0.326027397260274,Brentford FC,Premier League,1.85,5.1,3.5,65.7,0.25,0.15,0.6,0.2,20.0,0.1,0.1,0.0,0.0,0.0,1.85,0.1,0.0,0.4,0.15,1.7,0.32,0.0,6.65,17.3,38.4,31.6,4.7,44.8,38.0,6.6,47.7,38.7,8.45,0.4,4.7,0.85,16.1
Andrea Consigli,2000000,35,1.89,Goalkeeper,right,2.32876712328767,US Sassuolo,Serie A,1.53,4.48,3.15,70.4,0.43,0.28,0.3,0.15,15.4,0.23,0.2,0.03,0.0,11.1,1.53,0.2,0.0,0.15,0.03,1.65,0.33,0.15,6.68,13.68,48.8,32.98,4.63,35.1,33.4,6.48,32.4,29.1,8.8,0.68,7.7,0.55,13.4
Andreas Luthe,900000,34,1.95,Goalkeeper,right,,1.FC Union Berlin,Bundesliga,1.4,4.09,2.83,67.8,0.37,0.31,0.31,0.2,20.0,0.11,0.09,0.03,0.0,25.0,1.4,0.09,0.0,0.14,0.11,1.31,0.31,0.03,6.71,17.26,38.9,29.51,4.0,43.4,38.3,7.57,58.9,43.9,8.34,0.6,7.2,0.63,14.2
Angus Gunn,3000000,26,1.96,Goalkeeper,right,3.32876712328767,Norwich City,Premier League,2.57,6.0,3.71,61.9,0.14,0.14,0.71,0.14,14.3,0.57,0.29,0.14,0.14,33.3,2.57,0.29,0.0,0.29,0.0,2.69,0.4,0.11,6.57,16.0,41.1,23.14,4.57,53.1,40.3,8.86,41.9,38.5,9.86,0.86,8.7,0.86,14.6
Anthony Lopes,12000000,31,1.84,Goalkeeper,left,1.32602739726027,Olympique Lyon,Ligue 1,1.32,4.26,3.09,71.3,0.49,0.27,0.25,0.25,24.4,0.1,0.1,0.0,0.0,0.0,1.32,0.1,0.07,0.2,0.07,1.27,0.29,0.02,4.73,9.7,48.7,27.13,4.75,28.4,32.1,6.57,30.6,32.8,7.57,0.39,5.2,0.86,16.1
Anthony Racioppi,1000000,23,1.88,Goalkeeper,right,3.32876712328767,BSC Young Boys,Ligue 1,1.57,4.43,2.95,67.7,0.1,0.29,0.62,0.14,14.3,0.19,0.14,0.05,0.0,25.0,1.57,0.14,0.0,0.24,0.0,1.68,0.36,0.11,5.38,15.43,34.9,22.76,4.71,42.5,37.1,8.48,68.0,49.7,9.48,0.62,6.5,0.48,14.4
Antonio Mirante,500000,38,1.93,Goalkeeper,right,0.326027397260274,AC Milan,Serie A,1.48,4.22,2.81,66.7,0.47,0.23,0.31,0.39,38.5,0.23,0.16,0.08,0.0,33.3,1.48,0.16,0.08,0.0,0.0,1.24,0.25,-0.24,5.46,11.63,47.0,27.01,5.39,35.3,33.2,7.03,30.0,29.8,8.74,0.16,1.8,1.17,15.8
Arthur Desmas,1500000,27,1.96,Goalkeeper,right,1.32602739726027,Clermont Foot 63,Ligue 1,2.0,4.08,2.31,54.7,0.23,0.31,0.46,0.23,23.1,0.15,0.15,0.0,0.0,0.0,2.0,0.15,0.0,0.31,0.08,1.39,0.32,-0.53,2.85,10.54,27.0,20.54,3.77,33.3,34.6,7.77,47.5,38.1,6.54,0.23,3.5,0.38,12.4
Artur Boruc,50000,42,1.93,Goalkeeper,right,0.326027397260274,Legia Warszawa,Premier League,1.5,4.33,3.0,71.2,0.33,0.25,0.42,0.33,33.3,0.25,0.25,0.0,0.0,0.0,1.5,0.25,0.17,0.17,0.0,1.41,0.28,-0.09,5.33,15.5,34.4,19.67,4.92,45.3,40.9,9.5,69.3,53.7,10.42,0.33,3.2,0.33,13.5
Asmir Begovic,1000000,34,1.99,Goalkeeper,right,0.326027397260274,Everton FC,Premier League,1.96,4.25,2.42,55.9,0.33,0.13,0.54,0.21,20.8,0.08,0.08,0.0,0.0,0.0,1.96,0.08,0.0,0.25,0.08,1.56,0.36,-0.32,5.67,14.42,39.3,19.54,5.0,45.6,39.9,8.04,68.4,53.5,9.58,1.0,10.4,0.33,13.3
Axel Werner,900000,26,1.91,Goalkeeper,right,0.326027397260274,Arsenal Fútbol Club,Segunda División,2.67,5.83,3.5,57.1,0.17,0.17,0.67,0.0,0.0,0.17,0.17,0.0,0.0,0.0,2.67,0.17,0.0,0.17,0.17,1.68,0.26,-0.82,6.83,20.17,33.9,16.83,2.33,69.3,47.2,9.67,87.9,63.1,9.5,0.17,1.8,0.0,9.5
Baptiste Reynet,1300000,31,1.85,Goalkeeper,right,2.32876712328767,Dijon FCO,Ligue 2,1.7,5.5,3.8,69.1,0.2,0.4,0.4,0.1,10.0,0.1,0.0,0.1,0.0,100.0,1.7,0.0,0.0,0.5,0.0,1.58,0.27,-0.12,7.3,19.3,37.8,33.0,4.2,44.8,39.6,7.4,60.8,46.8,9.8,0.4,4.1,0.8,13.9
Bartlomiej Dragowski,11000000,24,1.91,Goalkeeper,right,1.32602739726027,ACF Fiorentina,Serie A,1.55,3.47,2.23,64.3,0.37,0.31,0.43,0.25,22.2,0.37,0.31,0.06,0.0,16.7,1.55,0.31,0.0,0.25,0.0,1.62,0.37,0.07,8.42,21.11,39.9,32.99,3.78,46.7,40.1,7.49,76.0,56.7,8.91,0.8,9.0,0.99,14.9
Ben Foster,300000,38,1.93,Goalkeeper,left,0.326027397260274,Watford FC,Premier League,1.4,3.6,2.13,61.1,0.27,0.27,0.47,0.2,20.0,0.07,0.0,0.07,0.0,100.0,1.4,0.0,0.0,0.27,0.0,1.28,0.35,-0.12,9.13,25.07,36.4,24.87,2.53,69.2,50.9,8.87,88.7,63.4,10.2,0.47,4.6,0.93,16.0
Ben Hamer,300000,34,1.93,Goalkeeper,right,0.326027397260274,Swansea City,Premier League,3.42,6.18,3.42,52.6,0.0,0.16,0.98,0.16,14.3,0.49,0.49,0.0,0.0,0.0,3.42,0.49,0.33,0.33,0.16,2.59,0.35,-0.67,10.25,27.18,37.7,25.06,1.95,79.2,53.6,8.46,86.5,62.3,8.63,0.65,7.5,0.33,14.2
Benoît Costil,2200000,34,1.88,Goalkeeper,right,0.326027397260274,FC Girondins Bordeaux,Ligue 1,2.32,5.0,2.97,59.4,0.23,0.26,0.52,0.06,6.5,0.29,0.29,0.0,0.0,0.0,2.32,0.29,0.06,0.29,0.0,1.77,0.31,-0.55,8.52,19.13,44.5,27.23,3.19,48.1,39.9,8.68,69.5,51.9,8.06,0.55,6.8,0.81,14.9
Bingourou Kamara,800000,25,1.96,Goalkeeper,right,0.326027397260274,RSC Charleroi,Ligue 1,1.75,3.88,2.38,58.1,0.25,0.0,0.75,0.25,25.0,0.13,0.13,0.0,0.0,0.0,1.75,0.13,0.0,0.13,0.13,1.21,0.28,-0.41,7.88,17.75,44.4,23.88,5.38,48.7,39.3,7.0,87.5,60.0,7.25,0.38,5.2,0.13,12.9
Bobby Allain,400000,30,1.85,Goalkeeper,right,0.83013698630137,Örebro SK,Ligue 1,1.31,5.69,4.46,78.4,0.15,0.15,0.69,0.08,7.7,0.08,0.08,0.0,0.0,0.0,1.31,0.08,0.0,0.15,0.08,1.47,0.26,0.24,10.77,23.23,46.4,26.15,5.38,58.2,44.9,9.69,82.5,57.7,11.0,1.85,16.8,0.85,15.8
Brice Samba,2500000,27,1.86,Goalkeeper,right,1.32602739726027,Nottingham Forest,Ligue 1,1.42,4.79,3.53,73.6,0.18,0.32,0.5,0.24,23.7,0.21,0.16,0.05,0.0,25.0,1.42,0.16,0.11,0.13,0.05,1.56,0.3,0.19,9.71,21.71,44.7,23.87,4.39,63.1,46.2,8.29,80.3,58.5,9.11,0.95,10.4,0.55,14.0
Cárdenas,800000,24,1.86,Goalkeeper,right,0.326027397260274,Levante UD,La Liga,1.68,4.16,2.42,62.0,0.11,0.32,0.58,0.21,21.1,0.16,0.11,0.0,0.05,0.0,1.68,0.11,0.05,0.16,0.0,1.41,0.32,-0.28,5.74,14.42,39.8,24.68,4.26,43.7,39.2,7.16,50.7,41.4,9.63,0.58,6.0,0.84,14.4
Christian Mathenia,800000,29,1.89,Goalkeeper,right,2.32876712328767,1.FC Nuremberg,Bundesliga,1.86,5.4,3.49,66.4,0.05,0.33,0.65,0.09,9.1,0.05,0.05,0.0,0.0,0.0,1.86,0.05,0.05,0.28,0.09,1.95,0.35,0.18,8.89,23.56,37.7,31.57,4.38,50.9,43.2,10.15,73.9,58.3,14.34,1.72,12.0,0.28,12.1
Ciprian Tataru<U+0219>anu,600000,36,1.98,Goalkeeper,right,1.32602739726027,AC Milan,Serie A,1.33,3.33,2.33,66.7,0.56,0.22,0.22,0.22,22.2,0.33,0.22,0.11,0.0,33.3,1.33,0.22,0.0,0.11,0.11,1.18,0.26,-0.04,6.33,12.22,51.8,26.67,3.56,35.8,35.5,7.11,37.5,37.3,7.89,0.44,5.6,0.56,12.5
Claudio Bravo,900000,38,1.84,Goalkeeper,right,0.326027397260274,Real Betis Balompié,La Liga,1.14,3.45,2.52,72.0,0.5,0.38,0.13,0.29,29.2,0.17,0.17,0.0,0.0,0.0,1.14,0.17,0.0,0.04,0.08,1.27,0.32,0.21,6.47,17.53,36.9,25.14,3.66,52.7,43.9,6.31,68.0,53.0,10.64,0.55,5.1,0.5,13.2
Costel Pantilimon,150000,35,2.03,Goalkeeper,right,,Unknown,Championship,1.5,3.83,2.67,65.2,0.5,0.0,0.5,0.17,16.7,0.17,0.17,0.0,0.0,0.0,1.5,0.17,0.0,0.0,0.17,1.13,0.27,-0.2,7.0,15.67,44.7,17.83,3.17,57.9,43.0,6.5,82.1,58.0,7.67,0.17,2.2,0.5,16.0
Daniel Bachmann,3000000,27,1.91,Goalkeeper,right,2.32876712328767,Watford FC,Premier League,2.36,5.55,3.55,62.3,0.09,0.0,0.91,0.0,0.0,0.27,0.27,0.0,0.0,0.0,2.36,0.27,0.09,0.36,0.18,1.95,0.31,-0.24,7.27,18.73,38.8,22.55,3.64,60.9,47.1,7.27,68.8,51.5,9.18,0.27,3.0,0.73,13.7
Danijel Petkovic,1000000,28,1.96,Goalkeeper,right,0.326027397260274,SCO Angers,Ligue 1,1.46,4.23,3.08,69.1,0.23,0.23,0.54,0.15,15.4,0.23,0.15,0.08,0.0,33.3,1.46,0.15,0.0,0.08,0.15,1.12,0.24,-0.18,3.15,10.15,31.1,22.46,5.69,30.5,33.0,8.0,41.3,38.0,8.62,0.77,8.9,0.69,13.3
Danijel Subašic,150000,37,1.91,Goalkeeper,right,1.24383561643836,HNK Hajduk Split,Ligue 1,0.95,2.85,2.06,72.2,0.32,0.4,0.4,0.32,28.6,0.24,0.16,0.08,0.0,33.3,0.95,0.16,0.0,0.24,0.0,0.97,0.27,0.02,5.46,13.52,40.4,18.43,3.88,50.6,43.1,6.49,64.6,51.0,6.64,0.32,4.8,0.24,15.0
David de Gea,18000000,31,1.89,Goalkeeper,right,1.32602739726027,Manchester United,Premier League,1.26,4.51,3.32,73.1,0.47,0.3,0.22,0.25,25.0,0.12,0.05,0.07,0.0,60.0,1.26,0.05,0.0,0.17,0.07,1.48,0.32,0.29,4.19,10.24,40.9,16.31,3.15,39.8,36.8,7.96,47.0,40.4,7.31,0.25,3.4,0.27,14.0
David Ospina,5000000,33,1.83,Goalkeeper,right,0.326027397260274,SSC Napoli,Serie A,0.71,3.46,2.82,80.4,0.61,0.25,0.14,0.5,50.0,0.04,0.04,0.0,0.0,0.0,0.71,0.04,0.0,0.11,0.04,0.85,0.24,0.17,4.32,9.14,47.3,25.89,4.0,30.6,31.1,4.86,25.0,27.4,7.68,0.61,7.9,0.64,14.2
David Raya,18000000,26,1.83,Goalkeeper,right,2.32876712328767,Brentford FC,Premier League,1.14,4.5,3.43,76.2,0.29,0.29,0.43,0.29,28.6,0.07,0.07,0.0,0.0,0.0,1.14,0.07,0.0,0.14,0.0,1.23,0.26,0.09,10.86,26.57,40.9,36.29,4.79,55.5,43.4,8.29,77.6,55.7,9.71,0.79,8.1,1.29,15.5
David Soria,7000000,28,1.92,Goalkeeper,right,1.32602739726027,Getafe CF,La Liga,1.16,3.01,1.93,65.0,0.21,0.33,0.46,0.31,30.8,0.15,0.1,0.03,0.03,20.0,1.16,0.1,0.0,0.18,0.08,1.09,0.33,0.02,10.66,24.94,42.7,22.99,1.64,80.4,55.1,7.24,89.0,60.8,8.89,0.95,10.7,1.21,16.4
Diego López,500000,40,1.96,Goalkeeper,right,0.326027397260274,RCD Espanyol Barcelona,La Liga,1.46,4.35,3.0,68.1,0.31,0.31,0.38,0.27,26.9,0.08,0.08,0.0,0.0,0.0,1.46,0.08,0.0,0.15,0.08,1.28,0.28,-0.11,5.12,13.54,37.8,24.5,5.31,39.7,37.5,8.19,46.5,38.8,11.81,1.12,9.4,0.73,14.0
Édgar Badía,1500000,30,1.8,Goalkeeper,right,0.326027397260274,Elche CF,La Liga,1.6,4.4,3.15,71.6,0.3,0.3,0.4,0.1,10.0,0.5,0.35,0.1,0.05,22.2,1.6,0.35,0.0,0.4,0.0,1.76,0.32,0.16,9.3,19.45,47.8,26.25,4.4,49.5,39.9,8.75,73.7,52.2,10.35,0.9,8.7,0.9,15.3
Edouard Mendy,32000000,30,1.95,Goalkeeper,right,3.32876712328767,Chelsea FC,Premier League,0.66,2.66,2.07,78.8,0.66,0.21,0.14,0.54,53.5,0.12,0.09,0.02,0.0,20.0,0.66,0.09,0.0,0.07,0.02,0.71,0.23,0.07,3.15,7.36,42.8,22.64,4.14,24.0,28.6,5.36,36.0,31.8,6.64,0.59,8.9,0.59,14.2
Emil Audero,12000000,25,1.92,Goalkeeper,right,4.32876712328767,UC Sampdoria,Serie A,1.71,4.7,3.08,64.9,0.32,0.22,0.48,0.22,21.9,0.1,0.06,0.03,0.0,33.3,1.71,0.06,0.06,0.13,0.03,1.5,0.31,-0.18,7.49,17.33,43.2,27.4,3.81,45.2,39.1,7.14,69.3,50.3,9.84,0.73,7.4,0.35,13.6
Etienne Green,10000000,21,1.91,Goalkeeper,right,3.32876712328767,AS Saint-Étienne,Ligue 1,1.64,4.27,2.86,64.8,0.28,0.28,0.52,0.19,17.4,0.23,0.14,0.05,0.05,25.0,1.64,0.14,0.09,0.14,0.09,1.37,0.29,-0.18,5.59,14.88,37.5,20.85,4.51,45.3,39.4,8.4,64.8,50.5,8.78,0.66,7.5,0.61,14.0
Etrit Berisha,800000,32,1.94,Goalkeeper,left,2.32876712328767,Torino FC,Serie A,1.69,5.46,4.08,73.2,0.19,0.12,0.69,0.12,11.5,0.23,0.23,0.0,0.0,0.0,1.69,0.23,0.04,0.08,0.08,1.7,0.28,0.08,7.54,16.92,44.5,25.0,5.23,46.0,37.4,9.0,60.3,45.9,10.58,0.81,7.6,0.54,13.6
Fernando Pacheco,5000000,29,1.87,Goalkeeper,left,1.32602739726027,Deportivo Alavés,La Liga,1.61,3.74,2.21,60.7,0.25,0.25,0.5,0.22,22.2,0.19,0.14,0.06,0.0,28.6,1.61,0.14,0.0,0.22,0.0,1.49,0.36,-0.12,10.49,19.84,52.9,21.34,2.63,64.6,47.6,8.83,68.7,50.0,9.96,0.83,8.3,0.75,15.0
Florian Kastenmeier,800000,24,1.92,Goalkeeper,right,2.32876712328767,Fortuna Düsseldorf,Bundesliga,1.82,4.47,2.94,61.8,0.12,0.53,0.35,0.12,11.8,0.18,0.12,0.06,0.0,33.3,1.82,0.12,0.0,0.18,0.18,1.44,0.3,-0.21,8.24,19.41,42.4,30.53,3.29,51.1,42.5,6.53,58.6,48.3,6.18,0.24,3.8,0.82,15.5
Florian Müller,8000000,24,1.9,Goalkeeper,left,3.32876712328767,VfB Stuttgart,Bundesliga,1.76,5.0,3.38,66.9,0.24,0.21,0.55,0.17,17.2,0.1,0.1,0.0,0.0,0.0,1.76,0.1,0.03,0.17,0.07,1.48,0.28,-0.21,4.76,11.21,42.5,31.24,5.28,26.3,30.5,8.0,37.5,35.7,8.93,0.41,4.6,0.93,15.4
Fraser Forster,2500000,33,2.01,Goalkeeper,right,0.326027397260274,Southampton FC,Premier League,1.56,4.5,3.25,70.8,0.5,0.19,0.31,0.19,18.8,0.31,0.25,0.06,0.0,20.0,1.56,0.25,0.0,0.19,0.06,1.54,0.29,0.04,6.44,18.56,34.7,25.19,3.56,51.6,42.2,7.44,74.8,52.1,10.56,0.81,7.7,0.88,14.0
Gabriel,1000000,29,1.93,Goalkeeper,right,0.326027397260274,US Lecce,Serie A,2.28,6.52,4.59,69.6,0.18,0.24,0.6,0.06,5.9,0.36,0.3,0.06,0.0,16.7,2.28,0.3,0.03,0.36,0.09,2.43,0.34,0.24,4.41,10.63,41.5,19.61,5.83,36.1,34.9,9.79,36.2,31.8,11.47,0.63,5.5,0.36,13.6
Gaëtan Poussin,1000000,23,1.86,Goalkeeper,right,1.32602739726027,FC Girondins Bordeaux,Ligue 1,2.6,5.0,2.8,52.0,0.2,0.4,0.4,0.0,0.0,0.4,0.2,0.2,0.0,50.0,2.6,0.2,0.0,0.4,0.2,1.96,0.32,-0.44,7.4,16.4,45.1,31.0,5.8,38.1,35.8,9.2,50.0,40.5,10.8,0.2,1.9,1.4,14.9
Gauthier Gallon,2500000,28,1.86,Goalkeeper,right,2.32876712328767,ESTAC Troyes,Ligue 1,1.58,4.19,2.92,68.8,0.19,0.27,0.54,0.19,19.2,0.27,0.27,0.0,0.0,0.0,1.58,0.27,0.0,0.27,0.08,1.39,0.27,-0.11,7.12,15.77,45.1,25.92,5.04,43.6,37.3,7.96,56.0,41.9,8.65,0.58,6.7,0.5,12.8
Gautier Larsonneur,3500000,25,1.81,Goalkeeper,right,1.32602739726027,Stade Brestois 29,Ligue 1,1.6,3.7,2.4,62.2,0.1,0.4,0.5,0.2,20.0,0.3,0.2,0.0,0.1,0.0,1.6,0.2,0.0,0.0,0.1,1.38,0.33,-0.12,6.1,11.9,51.3,25.1,4.0,37.1,36.6,8.6,30.2,32.5,9.0,0.6,6.7,0.6,13.6
Gerónimo Rulli,6000000,29,1.89,Goalkeeper,right,2.32876712328767,Villarreal CF,La Liga,0.97,3.15,2.24,72.6,0.41,0.31,0.28,0.38,38.5,0.13,0.1,0.03,0.0,20.0,0.97,0.1,0.0,0.05,0.03,0.95,0.27,0.01,4.96,12.92,38.4,33.03,4.7,28.2,33.5,7.68,47.0,42.0,9.13,0.74,8.1,0.94,15.4
Gianluigi Buffon,1000000,44,1.92,Goalkeeper,right,2.32876712328767,Parma Calcio 1913,Serie A,0.63,2.13,1.75,82.4,0.88,0.13,0.0,0.38,37.5,0.38,0.25,0.13,0.0,33.3,0.63,0.25,0.13,0.0,0.0,0.63,0.16,0.0,4.13,9.25,44.6,30.25,5.5,24.4,30.0,7.75,24.2,26.6,10.13,0.25,2.5,0.63,14.0
Gianluigi Donnarumma,65000000,23,1.96,Goalkeeper,right,4.32876712328767,Paris Saint-Germain,Ligue 1,0.8,3.17,2.37,75.8,0.67,0.17,0.17,0.4,40.0,0.07,0.03,0.0,0.03,0.0,0.8,0.03,0.03,0.13,0.0,0.9,0.27,0.1,4.0,7.8,51.3,25.93,5.17,22.9,28.0,6.13,30.4,30.5,7.8,0.57,7.3,1.03,16.0
Giorgi Mamardashvili,3000000,21,1.97,Goalkeeper,left,2.32876712328767,Valencia CF,La Liga,1.3,4.0,2.8,70.0,0.4,0.2,0.4,0.4,40.0,0.1,0.1,0.0,0.0,0.0,1.3,0.1,0.0,0.1,0.0,1.09,0.26,-0.21,8.1,18.7,43.3,19.1,3.4,65.4,46.2,7.8,79.5,56.7,9.4,0.5,5.3,0.7,13.2
Gregor Kobel,20000000,24,1.94,Goalkeeper,right,4.32876712328767,Borussia Dortmund,Bundesliga,1.68,4.25,2.84,64.5,0.54,0.1,0.37,0.2,19.5,0.2,0.17,0.0,0.02,0.0,1.68,0.17,0.05,0.17,0.1,1.46,0.3,-0.12,3.48,8.86,39.3,28.74,4.74,24.0,29.3,6.47,30.5,32.0,7.38,0.69,9.4,0.81,14.7
Guglielmo Vicario,5000000,25,1.94,Goalkeeper,right,0.326027397260274,FC Empoli,Serie A,1.9,5.32,3.58,66.1,0.35,0.23,0.42,0.16,16.1,0.19,0.1,0.03,0.06,25.0,1.9,0.1,0.03,0.19,0.13,1.73,0.3,-0.04,4.58,11.39,40.2,25.87,5.06,30.7,32.3,7.06,48.9,41.3,10.48,0.97,9.2,0.35,12.7
Hugo Lloris,7000000,35,1.88,Goalkeeper,left,2.32876712328767,Tottenham Hotspur,Premier League,1.35,3.97,2.8,69.9,0.51,0.13,0.36,0.33,33.3,0.15,0.15,0.0,0.0,0.0,1.35,0.15,0.0,0.1,0.05,1.31,0.31,0.02,4.7,10.45,45.0,18.61,4.12,38.4,34.8,6.92,47.8,38.1,9.05,0.61,6.7,0.66,14.6
Iago Herrerín,800000,34,1.87,Goalkeeper,right,,Al-Raed,La Liga,1.03,2.74,1.81,65.9,0.39,0.32,0.29,0.32,32.3,0.1,0.1,0.0,0.0,0.0,1.03,0.1,0.0,0.13,0.0,0.89,0.3,-0.15,11.35,24.74,45.9,25.06,2.74,73.1,52.6,6.87,93.4,69.1,9.65,0.71,7.4,0.84,16.0
Illan Meslier,20000000,22,1.97,Goalkeeper,left,4.32876712328767,Leeds United,Premier League,1.89,5.46,3.68,68.3,0.27,0.3,0.43,0.16,16.2,0.19,0.16,0.03,0.0,14.3,1.89,0.16,0.05,0.32,0.03,1.72,0.29,-0.14,4.65,13.14,35.4,30.08,7.49,33.0,32.3,8.03,40.1,36.6,6.05,0.68,11.2,0.78,14.1
Ionu<U+021B> Radu,4000000,24,1.88,Goalkeeper,right,2.32876712328767,Inter Milan,Serie A,2.06,5.24,3.59,67.4,0.12,0.29,0.59,0.12,11.8,0.41,0.35,0.0,0.06,0.0,2.06,0.35,0.12,0.24,0.06,1.88,0.3,-0.12,5.24,12.12,43.2,29.76,5.0,35.0,34.2,9.0,19.0,27.9,10.53,0.53,5.0,0.24,11.5
Iván Cuéllar,100000,37,1.87,Goalkeeper,left,1.32602739726027,Sporting Gijón,La Liga,1.22,3.67,2.48,67.7,0.26,0.33,0.41,0.3,29.6,0.07,0.04,0.04,0.0,50.0,1.22,0.04,0.04,0.3,0.0,1.1,0.29,-0.13,8.52,23.08,36.9,22.42,4.0,69.9,52.1,8.08,91.7,67.8,10.08,1.19,11.8,1.26,16.0
Ivan Provedel,2000000,27,1.92,Goalkeeper,right,0.326027397260274,Spezia Calcio,Serie A,1.7,5.11,3.63,71.7,0.26,0.26,0.48,0.15,14.8,0.37,0.26,0.04,0.07,12.5,1.7,0.26,0.07,0.19,0.07,1.52,0.26,-0.11,9.07,22.33,40.6,36.41,4.48,49.3,42.3,6.89,63.4,48.6,8.74,0.78,8.9,0.78,15.2
Iván Villar,2000000,24,1.86,Goalkeeper,right,0.326027397260274,CD Leganés,Segunda División,1.44,3.76,2.48,70.2,0.48,0.16,0.32,0.32,33.3,0.4,0.32,0.08,0.0,20.0,1.44,0.32,0.08,0.16,0.0,1.43,0.31,-0.01,5.83,21.26,27.4,28.37,3.76,51.0,41.8,9.03,75.2,56.3,10.87,0.88,8.1,0.56,14.5
Ivo Grbic,4500000,26,1.95,Goalkeeper,right,0.326027397260274,LOSC Lille,Ligue 1,1.19,3.81,2.81,72.8,0.41,0.33,0.26,0.19,18.5,0.15,0.15,0.0,0.0,0.0,1.19,0.15,0.04,0.22,0.04,1.17,0.27,0.02,5.22,14.7,35.5,20.37,4.19,47.5,39.7,7.74,65.1,48.3,9.7,0.89,9.2,0.52,13.8
Ivor Pandur,1000000,21,1.87,Goalkeeper,right,3.32876712328767,Hellas Verona,Serie A,1.79,4.04,2.39,59.3,0.15,0.45,0.45,0.0,0.0,0.15,0.15,0.0,0.0,0.0,1.79,0.15,0.15,0.3,0.0,1.54,0.35,-0.25,4.04,12.86,31.4,19.73,2.69,43.9,37.6,5.53,75.7,52.0,5.23,0.3,5.7,0.3,14.7
Jack Butland,2000000,28,1.96,Goalkeeper,right,1.32602739726027,Crystal Palace,Premier League,1.69,3.23,1.85,47.6,0.31,0.46,0.15,0.0,0.0,0.15,0.0,0.15,0.0,100.0,1.69,0.0,0.15,0.15,0.31,1.18,0.33,-0.2,3.69,14.0,26.4,24.15,3.85,39.5,35.0,8.0,55.8,45.8,10.31,0.62,6.0,0.62,13.8
Jan Oblak,60000000,29,1.88,Goalkeeper,right,1.32602739726027,Atlético de Madrid,La Liga,1.13,2.9,1.92,66.2,0.48,0.25,0.27,0.31,31.3,0.23,0.15,0.06,0.02,30.0,1.13,0.15,0.02,0.13,0.04,0.98,0.28,-0.1,5.79,15.83,36.6,19.92,3.92,55.8,43.5,7.04,67.2,50.8,7.35,0.46,6.2,0.4,14.2
Jannik Huth,600000,27,1.85,Goalkeeper,right,2.32876712328767,SC Paderborn 07,Bundesliga,2.83,5.33,2.67,50.0,0.0,0.17,0.83,0.0,0.0,0.17,0.17,0.0,0.0,0.0,2.83,0.17,0.0,0.17,0.0,1.95,0.34,-0.88,5.67,13.83,41.0,34.17,6.17,33.7,34.0,8.17,28.6,33.4,7.17,0.67,9.3,0.67,15.9
Jasper Cillessen,4000000,32,1.87,Goalkeeper,right,1.32602739726027,Valencia CF,La Liga,1.56,4.67,3.26,70.7,0.33,0.38,0.33,0.24,22.7,0.28,0.19,0.09,0.0,33.3,1.56,0.19,0.05,0.19,0.09,1.61,0.31,0.15,7.13,17.98,39.6,21.85,4.01,56.4,45.5,7.69,73.6,57.3,9.72,0.52,5.3,0.52,14.4
Jaume Doménech,2500000,31,1.85,Goalkeeper,right,1.32602739726027,Valencia CF,La Liga,1.79,3.71,2.05,55.2,0.13,0.38,0.38,0.0,0.0,0.26,0.13,0.13,0.0,50.0,1.79,0.13,0.0,0.51,0.13,1.49,0.36,-0.18,7.55,16.64,45.4,22.92,3.46,52.0,39.5,7.43,63.8,47.8,11.27,0.64,5.7,0.64,11.4
Jean-Louis Leca,600000,36,1.8,Goalkeeper,right,0.326027397260274,RC Lens,Ligue 1,1.37,3.6,2.42,67.3,0.38,0.32,0.32,0.16,15.6,0.19,0.19,0.0,0.0,0.0,1.37,0.19,0.03,0.1,0.03,1.27,0.32,-0.07,4.49,10.9,41.2,19.98,4.78,38.1,35.0,7.84,41.9,37.2,7.97,0.73,9.2,0.54,14.2
Jeremías Ledesma,6000000,29,1.86,Goalkeeper,right,3.32876712328767,Cádiz CF,La Liga,1.33,3.97,2.86,74.1,0.22,0.42,0.36,0.31,30.6,0.36,0.31,0.06,0.0,15.4,1.33,0.31,0.0,0.25,0.0,1.44,0.29,0.11,9.72,24.44,39.8,21.89,2.61,73.4,54.8,9.61,87.3,66.6,10.58,0.97,9.2,0.31,13.0
Jeroen Zoet,1200000,31,1.89,Goalkeeper,right,0.326027397260274,Spezia Calcio,Serie A,2.25,5.08,3.08,60.7,0.25,0.17,0.58,0.0,0.0,0.33,0.25,0.08,0.0,25.0,2.25,0.25,0.0,0.33,0.0,2.17,0.37,-0.08,6.33,15.75,40.2,33.75,6.33,38.3,36.7,6.33,44.7,40.6,8.0,0.75,9.4,1.08,15.4
Jesse Joronen,1500000,28,1.97,Goalkeeper,right,0.326027397260274,Brescia Calcio,Serie A,2.03,5.93,4.24,70.9,0.17,0.21,0.62,0.17,17.2,0.34,0.31,0.03,0.0,10.0,2.03,0.31,0.0,0.31,0.1,2.1,0.31,0.17,5.55,14.55,38.2,19.76,5.52,49.7,41.6,9.52,49.6,42.0,12.28,0.93,7.6,0.34,13.0
Jessy Moulin,300000,36,1.85,Goalkeeper,right,1.32602739726027,ESTAC Troyes,Ligue 1,1.45,3.45,2.1,62.0,0.28,0.31,0.41,0.31,31.0,0.14,0.14,0.0,0.0,0.0,1.45,0.14,0.1,0.21,0.07,1.31,0.34,-0.07,4.83,12.76,37.8,23.41,5.03,35.3,36.6,6.97,64.4,49.5,7.59,0.45,5.9,0.31,13.5
Jirí Pavlenka,2500000,29,1.96,Goalkeeper,right,0.326027397260274,SV Werder Bremen,2. Bundesliga,2.08,5.0,3.25,61.7,0.08,0.17,0.75,0.17,16.7,0.17,0.17,0.0,0.0,0.0,2.08,0.17,0.0,0.42,0.17,1.71,0.31,-0.21,7.08,15.33,46.2,24.42,4.5,44.4,38.4,9.0,50.0,42.5,10.08,0.67,6.6,0.5,14.0
Joe Hart,1800000,34,1.96,Goalkeeper,right,2.24657534246575,Celtic FC,Premiership,2.6,6.2,4.0,61.3,0.4,0.0,0.6,0.2,20.0,0.2,0.2,0.0,0.0,0.0,2.6,0.2,0.0,0.8,0.2,2.12,0.31,-0.28,3.0,8.6,34.9,31.2,6.6,18.6,27.9,7.4,37.8,36.5,5.8,0.2,3.4,0.4,15.5
Joel Robles,2000000,31,1.97,Goalkeeper,right,0.326027397260274,Real Betis Balompié,La Liga,1.39,3.11,2.06,62.5,0.5,0.11,0.39,0.33,33.3,0.28,0.22,0.06,0.0,20.0,1.39,0.22,0.06,0.28,0.11,1.19,0.31,-0.08,5.5,16.72,32.9,24.94,4.44,52.6,43.0,6.44,56.0,45.3,8.06,0.56,6.9,0.78,16.3
Jonas Omlin,8000000,28,1.9,Goalkeeper,right,2.32876712328767,Montpellier HSC,Ligue 1,1.37,5.51,4.18,75.8,0.36,0.25,0.4,0.22,21.4,0.04,0.04,0.0,0.0,0.0,1.37,0.04,0.0,0.11,0.0,1.38,0.24,0.01,6.52,14.3,45.6,27.45,6.27,36.0,34.7,9.08,48.8,41.6,10.38,0.86,8.3,0.4,13.5
José Sá,8000000,29,1.92,Goalkeeper,right,4.32876712328767,Wolverhampton Wanderers,Premier League,0.9,4.24,3.52,82.9,0.45,0.14,0.41,0.34,34.5,0.17,0.17,0.0,0.0,0.0,0.9,0.17,0.03,0.07,0.03,1.19,0.25,0.33,4.69,14.52,32.3,23.03,5.76,46.1,40.7,7.31,53.3,43.6,9.41,0.93,9.9,1.07,15.4
Juan Musso,20000000,27,1.91,Goalkeeper,right,3.32876712328767,Atalanta BC,Serie A,1.45,3.9,2.62,67.1,0.44,0.25,0.32,0.23,22.7,0.18,0.16,0.0,0.02,0.0,1.45,0.16,0.02,0.16,0.02,1.29,0.3,-0.13,4.75,11.16,42.6,21.56,4.78,32.1,33.6,6.98,60.9,46.5,7.28,0.57,7.9,0.55,14.2
Juan Soriano,1000000,24,1.85,Goalkeeper,right,2.32876712328767,CD Tenerife,La Liga,1.64,3.09,2.0,61.8,0.09,0.27,0.64,0.09,9.1,0.45,0.45,0.0,0.0,0.0,1.64,0.45,0.09,0.0,0.09,1.42,0.33,-0.13,4.45,15.91,28.0,20.18,5.36,52.3,45.8,6.82,78.7,63.1,6.36,0.64,10.0,0.64,18.3
Karl Darlow,3000000,31,1.9,Goalkeeper,right,3.32876712328767,Newcastle United,Premier League,1.88,4.63,3.13,64.9,0.0,0.63,0.38,0.0,0.0,0.25,0.25,0.0,0.0,0.0,1.88,0.25,0.0,0.13,0.13,1.33,0.24,-0.43,9.38,21.5,43.6,23.63,3.63,64.6,49.8,8.0,78.1,59.8,8.63,1.0,11.6,0.5,14.9
Karl-Johan Johnsson,600000,32,1.88,Goalkeeper,right,1.32602739726027,FC Copenhagen,Ligue 1,2.0,4.29,2.41,56.2,0.06,0.29,0.65,0.24,23.5,0.24,0.12,0.06,0.06,33.3,2.0,0.12,0.06,0.06,0.0,1.28,0.28,-0.72,8.29,20.29,40.9,20.71,3.35,64.8,48.5,7.53,91.4,66.2,7.71,0.53,6.9,0.65,15.4
Karlo Letica,450000,25,2.01,Goalkeeper,right,2.32876712328767,CFR Cluj,Serie A,2.9,6.6,3.8,56.1,0.0,0.1,0.9,0.0,0.0,0.1,0.0,0.1,0.0,100.0,2.9,0.0,0.2,0.1,0.1,2.25,0.33,-0.55,6.4,17.4,36.8,22.6,5.3,50.0,40.6,9.3,65.6,48.6,10.3,0.7,6.8,0.1,11.7
Kasper Schmeichel,4000000,35,1.89,Goalkeeper,right,1.32602739726027,Leicester City,Premier League,1.74,4.26,2.71,63.1,0.38,0.21,0.4,0.17,16.7,0.24,0.17,0.02,0.05,12.5,1.74,0.17,0.02,0.33,0.05,1.44,0.3,-0.25,6.21,14.86,41.8,26.4,3.88,43.1,38.2,7.07,49.2,42.9,7.57,0.48,6.3,0.5,13.1
Kepa Arrizabalaga,10000000,27,1.86,Goalkeeper,right,3.32876712328767,Chelsea FC,Premier League,0.93,3.2,2.4,75.0,0.27,0.4,0.27,0.4,42.9,0.13,0.13,0.0,0.0,0.0,0.93,0.13,0.0,0.13,0.0,1.17,0.34,0.24,4.13,9.73,42.5,30.93,6.4,26.7,30.3,5.47,26.8,27.5,6.13,0.27,4.3,1.47,18.8
Kevin Trapp,6500000,31,1.89,Goalkeeper,right,2.32876712328767,Eintracht Frankfurt,Bundesliga,1.55,4.83,3.4,70.5,0.4,0.3,0.3,0.13,12.5,0.2,0.13,0.03,0.05,16.7,1.55,0.13,0.0,0.25,0.03,1.48,0.28,-0.05,6.73,19.28,34.9,32.03,4.7,46.9,37.7,7.78,54.7,45.8,8.48,0.4,4.7,1.03,15.9
Keylor Navas,10000000,35,1.85,Goalkeeper,right,2.32876712328767,Paris Saint-Germain,Ligue 1,1.12,4.75,3.63,77.1,0.56,0.22,0.25,0.22,21.2,0.06,0.03,0.03,0.0,50.0,1.12,0.03,0.03,0.12,0.0,1.18,0.24,0.07,3.26,6.83,47.7,22.54,5.0,24.1,30.1,7.17,19.5,25.8,7.79,0.25,3.2,0.65,13.4
Koen Casteels,14000000,29,1.97,Goalkeeper,left,2.32876712328767,VfL Wolfsburg,Bundesliga,1.42,3.74,2.45,65.5,0.39,0.18,0.42,0.32,31.6,0.24,0.13,0.08,0.03,37.5,1.42,0.13,0.03,0.11,0.0,1.39,0.34,-0.03,7.16,16.29,43.9,31.68,4.68,38.2,36.0,7.29,57.4,47.4,8.61,0.58,6.7,0.92,15.1
Leandro Chichizola,500000,31,1.82,Goalkeeper,right,0.326027397260274,AC Perugia Calcio,La Liga,1.74,5.59,4.0,70.9,0.15,0.19,0.67,0.15,14.8,0.11,0.11,0.0,0.0,0.0,1.74,0.11,0.04,0.19,0.04,1.71,0.29,0.0,6.37,16.33,39.0,30.93,5.33,40.6,37.0,6.11,61.8,50.4,8.48,1.19,14.0,1.26,16.2
Leonardo César Jardim,2500000,26,1.88,Goalkeeper,right,2.32876712328767,LOSC Lille,Ligue 1,1.5,4.67,3.17,71.4,0.33,0.33,0.33,0.5,50.0,0.33,0.17,0.17,0.0,50.0,1.5,0.17,0.0,0.5,0.0,1.37,0.28,-0.13,4.5,12.0,37.5,18.83,4.5,43.4,36.0,7.17,53.5,44.7,9.17,0.5,5.5,0.83,15.5
Leopold Zingerle,500000,27,1.85,Goalkeeper,right,1.32602739726027,SC Paderborn 07,Bundesliga,2.04,5.25,3.39,63.3,0.14,0.25,0.61,0.18,17.9,0.14,0.11,0.04,0.0,25.0,2.04,0.11,0.11,0.25,0.07,2.03,0.37,0.06,6.86,13.57,50.5,35.07,6.68,31.1,32.3,8.39,31.9,32.5,9.25,0.36,3.9,0.61,14.0
Lorenzo Montipò,3500000,26,1.91,Goalkeeper,right,3.32876712328767,Hellas Verona,Serie A,1.78,4.31,2.67,60.6,0.31,0.31,0.39,0.11,11.1,0.11,0.08,0.03,0.0,25.0,1.78,0.08,0.0,0.28,0.14,1.44,0.32,-0.2,6.03,18.33,32.9,21.86,3.89,61.0,45.3,6.72,74.4,52.9,9.36,0.81,8.6,0.64,14.8
Loris Karius,1500000,28,1.91,Goalkeeper,right,0.326027397260274,Liverpool FC,Premier League,0.74,2.16,1.47,70.7,0.58,0.26,0.16,0.53,52.6,0.16,0.11,0.05,0.0,33.3,0.74,0.11,0.0,0.16,0.0,0.83,0.33,0.09,4.37,13.11,33.3,27.26,5.68,36.3,35.8,5.37,59.8,50.1,7.79,0.63,8.1,0.63,14.7
Ludovic Butelle,200000,38,1.88,Goalkeeper,left,,Red Star FC,Ligue 1,1.23,3.0,1.92,62.8,0.38,0.23,0.38,0.42,42.3,0.12,0.12,0.0,0.0,0.0,1.23,0.12,0.04,0.04,0.04,0.94,0.28,-0.25,5.73,14.77,38.8,18.96,4.38,47.5,39.8,7.81,73.9,52.5,7.12,0.58,8.1,0.81,14.9
Luigi Sepe,1400000,30,1.85,Goalkeeper,left,0.326027397260274,US Salernitana 1919,Serie A,2.38,4.94,2.69,55.7,0.06,0.38,0.56,0.06,6.3,0.19,0.19,0.0,0.0,0.0,2.38,0.19,0.0,0.13,0.06,1.98,0.39,-0.34,10.38,20.0,51.9,32.31,4.31,48.0,40.1,7.31,61.5,47.9,11.5,0.5,4.3,0.31,12.8
Luís Maximiano,7000000,23,1.9,Goalkeeper,both,3.32876712328767,Granada CF,La Liga,1.55,4.99,3.65,72.3,0.21,0.34,0.42,0.17,17.4,0.21,0.17,0.04,0.0,20.0,1.55,0.17,0.0,0.25,0.08,1.62,0.29,0.15,7.17,20.97,34.2,25.12,4.86,56.4,44.6,9.44,72.0,52.2,11.28,0.8,7.1,1.13,15.6
Lukáš Hrádecký,6000000,32,1.92,Goalkeeper,right,1.32602739726027,Bayer 04 Leverkusen,Bundesliga,1.35,4.78,3.54,74.0,0.51,0.27,0.22,0.27,27.0,0.16,0.11,0.03,0.03,20.0,1.35,0.11,0.08,0.19,0.0,1.4,0.28,0.05,6.49,15.24,42.6,34.19,6.11,34.9,34.5,7.05,47.1,40.0,8.46,0.76,8.9,0.78,14.7
Lukasz Fabianski,1000000,36,1.9,Goalkeeper,right,0.326027397260274,West Ham United,Premier League,1.26,3.92,2.72,69.9,0.49,0.21,0.31,0.26,25.6,0.1,0.08,0.03,0.0,25.0,1.26,0.08,0.03,0.13,0.1,1.26,0.3,0.1,6.95,17.05,40.8,19.26,3.77,57.7,45.3,7.72,77.1,55.9,8.85,0.56,6.4,0.23,12.2
Lukasz Skorupski,4000000,30,1.87,Goalkeeper,right,1.32602739726027,Bologna FC 1909,Serie A,1.78,4.69,3.22,68.0,0.33,0.22,0.44,0.22,22.2,0.28,0.28,0.0,0.0,0.0,1.78,0.28,0.06,0.14,0.06,1.57,0.29,-0.16,5.92,13.25,44.7,26.81,5.11,41.5,36.4,7.22,29.6,28.0,8.58,0.58,6.8,0.33,12.2
Mamadou Samassa,300000,32,1.98,Goalkeeper,right,0.745205479452055,Sri Pahang FC,Ligue 1,1.48,5.14,3.86,73.1,0.29,0.14,0.57,0.24,23.8,0.14,0.1,0.05,0.0,33.3,1.48,0.1,0.0,0.19,0.05,1.39,0.25,0.0,4.38,15.14,28.9,18.1,3.57,53.2,43.9,5.67,97.5,65.5,12.81,1.1,8.6,0.52,15.6
Manolo Reina,200000,36,1.86,Goalkeeper,right,0.326027397260274,RCD Mallorca,La Liga,1.39,3.56,2.22,64.1,0.22,0.44,0.33,0.33,33.3,0.17,0.11,0.06,0.0,33.3,1.39,0.11,0.0,0.06,0.06,1.2,0.3,-0.13,5.94,16.61,35.8,21.83,3.67,54.2,44.2,8.44,56.6,43.5,8.94,0.56,6.2,0.61,15.0
Manuel Neuer,14000000,35,1.93,Goalkeeper,right,1.32602739726027,Bayern Munich,Bundesliga,0.92,3.08,2.13,70.1,0.84,0.05,0.11,0.42,42.1,0.03,0.0,0.03,0.0,100.0,0.92,0.0,0.0,0.05,0.0,0.83,0.27,-0.09,5.97,10.55,56.6,36.18,5.5,26.5,31.1,5.66,16.7,28.4,6.97,0.47,6.8,1.42,19.2
Manuel Riemann,1000000,33,1.86,Goalkeeper,right,1.32602739726027,VfL Bochum,Bundesliga,1.35,4.74,3.48,71.6,0.3,0.22,0.48,0.26,26.1,0.09,0.0,0.09,0.0,100.0,1.35,0.0,0.04,0.17,0.13,1.59,0.33,0.37,17.57,37.22,47.2,43.96,3.09,70.6,49.7,8.17,75.5,53.7,8.7,1.04,12.0,1.74,17.6
Marc-André ter Stegen,45000000,29,1.87,Goalkeeper,right,3.32876712328767,FC Barcelona,La Liga,1.23,3.25,2.16,65.7,0.48,0.3,0.23,0.27,27.3,0.11,0.11,0.0,0.0,0.0,1.23,0.11,0.02,0.16,0.02,1.04,0.3,-0.16,5.32,9.55,55.7,30.75,4.11,24.6,29.8,5.8,34.1,33.3,6.02,0.43,7.2,0.5,14.9
Marc-Aurèle Caillard,800000,27,1.91,Goalkeeper,right,2.32876712328767,FC Metz,Ligue 1,1.63,4.44,3.17,71.4,0.18,0.36,0.45,0.27,27.3,0.36,0.36,0.0,0.0,0.0,1.63,0.36,0.09,0.36,0.0,1.59,0.29,-0.05,6.07,15.23,39.9,15.77,4.71,48.3,40.9,8.43,90.3,63.0,7.7,0.54,7.1,0.54,14.1
Marco Bizot,5000000,30,1.93,Goalkeeper,right,2.32876712328767,Stade Brestois 29,Ligue 1,1.41,4.41,3.07,68.9,0.33,0.3,0.37,0.19,18.5,0.04,0.04,0.0,0.0,0.0,1.41,0.04,0.0,0.22,0.07,1.16,0.26,-0.17,8.19,17.41,47.0,22.7,4.93,48.1,41.0,8.56,75.8,56.1,8.26,0.7,8.5,0.33,13.6
Marco Silvestri,6000000,31,1.91,Goalkeeper,right,2.32876712328767,Udinese Calcio,Serie A,1.52,3.55,2.21,62.4,0.21,0.36,0.42,0.21,21.2,0.18,0.18,0.0,0.0,0.0,1.52,0.18,0.03,0.18,0.03,1.28,0.32,-0.2,5.97,17.0,35.1,21.48,2.67,56.7,42.9,7.73,62.4,46.9,7.42,0.36,4.9,0.15,11.9
Marco Sportiello,1500000,29,1.92,Goalkeeper,right,0.326027397260274,Atalanta BC,Serie A,1.42,2.72,1.81,66.7,0.26,0.26,0.39,0.13,14.3,0.52,0.52,0.0,0.0,0.0,1.42,0.52,0.0,0.26,0.0,1.22,0.29,-0.21,3.36,8.92,37.7,19.27,3.62,30.9,31.8,4.53,65.7,49.8,5.04,0.52,10.3,1.42,16.6
Marcus Bettinelli,2500000,29,1.93,Goalkeeper,right,1.32602739726027,Chelsea FC,Premier League,2.86,5.43,2.57,50.0,0.14,0.29,0.57,0.0,0.0,0.43,0.14,0.14,0.14,50.0,2.86,0.14,0.0,0.14,0.0,2.59,0.43,-0.27,9.86,21.0,46.9,25.29,4.71,52.0,42.2,9.57,82.1,57.4,10.71,0.86,8.0,0.71,14.4
Marius Funk,300000,26,1.87,Goalkeeper,right,0.326027397260274,SpVgg Greuther Fürth,Bundesliga,3.75,6.5,3.25,46.2,0.0,0.0,1.0,0.0,0.0,0.25,0.25,0.0,0.0,0.0,3.75,0.25,0.0,0.5,0.25,3.05,0.44,-0.45,8.75,24.13,36.3,36.63,3.5,49.5,42.1,8.63,69.6,53.8,6.38,0.38,5.9,1.5,17.0
Mark Flekken,5500000,28,1.94,Goalkeeper,both,,SC Freiburg,Bundesliga,1.0,4.31,3.46,79.5,0.46,0.31,0.23,0.31,30.8,0.15,0.12,0.0,0.04,0.0,1.0,0.12,0.04,0.12,0.04,1.25,0.27,0.28,9.31,21.58,43.1,33.31,3.73,46.1,42.1,8.08,77.1,63.1,9.35,0.54,5.8,0.77,14.9
Markus Schubert,1000000,23,1.87,Goalkeeper,right,2.32876712328767,Vitesse Arnhem,Bundesliga,2.18,6.31,4.25,69.2,0.12,0.36,0.49,0.24,25.0,0.24,0.24,0.0,0.0,0.0,2.18,0.24,0.12,0.49,0.0,2.16,0.32,-0.02,6.67,21.47,31.1,31.17,3.52,52.9,42.1,7.28,68.3,51.0,10.8,0.73,6.7,0.61,12.8
Martin Dúbravka,5000000,33,1.91,Goalkeeper,right,3.32876712328767,Newcastle United,Premier League,1.42,4.23,2.92,68.2,0.42,0.31,0.27,0.27,26.9,0.08,0.08,0.0,0.0,0.0,1.42,0.08,0.0,0.15,0.08,1.49,0.34,0.15,7.65,17.85,42.9,23.38,4.19,45.2,39.6,9.65,75.3,55.4,10.65,0.88,8.3,0.38,12.1
Marwin Hitz,1000000,34,1.94,Goalkeeper,right,1.32602739726027,Borussia Dortmund,Bundesliga,1.62,3.69,2.46,66.7,0.46,0.15,0.38,0.23,23.1,0.38,0.38,0.0,0.0,0.0,1.62,0.38,0.0,0.15,0.08,1.62,0.34,0.08,5.23,11.85,44.2,26.54,4.46,29.6,33.3,8.31,48.1,41.7,8.77,0.62,7.0,0.31,13.5
Mathew Ryan,5000000,29,1.84,Goalkeeper,right,1.32602739726027,Real Sociedad,La Liga,1.63,4.13,3.0,72.7,0.38,0.25,0.38,0.25,25.0,0.63,0.5,0.0,0.13,0.0,1.63,0.5,0.0,0.38,0.0,1.68,0.26,0.05,5.25,12.75,41.2,25.13,5.5,37.8,35.8,5.63,57.8,44.9,9.13,1.13,12.3,0.5,14.2
Mathieu Michel,600000,30,1.89,Goalkeeper,right,1.32602739726027,Chamois Niortais FC,Ligue 1,1.96,4.07,2.56,59.3,0.15,0.3,0.45,0.15,16.7,0.3,0.3,0.0,0.0,0.0,1.96,0.3,0.0,0.0,0.15,1.36,0.27,-0.45,5.13,12.06,42.5,15.53,4.37,48.5,40.1,5.13,88.2,61.3,8.89,0.15,1.7,0.3,16.0
Matías Dituro,1000000,34,1.91,Goalkeeper,right,0.326027397260274,Celta de Vigo,La Liga,1.08,3.69,2.65,71.9,0.31,0.31,0.38,0.38,38.5,0.15,0.04,0.12,0.0,75.0,1.08,0.04,0.0,0.04,0.0,1.28,0.31,0.2,9.54,21.81,43.7,30.65,3.35,52.9,43.7,7.42,75.1,55.9,7.54,0.96,12.8,0.88,15.4
Matthieu Dreyer,300000,32,1.88,Goalkeeper,right,1.32602739726027,FC Lorient,Ligue 1,1.4,3.2,2.0,62.5,0.3,0.3,0.4,0.4,40.0,0.2,0.2,0.0,0.0,0.0,1.4,0.2,0.0,0.1,0.0,1.2,0.34,-0.2,6.1,15.5,39.4,19.2,2.2,46.9,40.0,8.0,81.3,53.6,7.4,0.0,0.0,0.3,12.7
Mattia Perin,4000000,29,1.88,Goalkeeper,right,0.326027397260274,Juventus FC,Serie A,1.43,4.5,3.36,73.0,0.43,0.21,0.36,0.29,30.8,0.21,0.21,0.0,0.0,0.0,1.43,0.21,0.0,0.07,0.07,1.64,0.32,0.28,5.07,13.57,37.4,23.36,4.29,45.6,39.2,7.43,39.4,35.8,8.21,0.5,6.1,0.14,11.7
Matz Sels,6500000,30,1.88,Goalkeeper,right,2.32876712328767,RC Strasbourg Alsace,Ligue 1,1.42,3.61,2.39,65.2,0.39,0.29,0.32,0.26,25.8,0.16,0.16,0.0,0.0,0.0,1.42,0.16,0.03,0.23,0.03,1.26,0.32,-0.13,5.55,13.35,41.5,19.55,3.61,48.8,39.5,6.58,57.8,47.6,7.45,0.71,9.5,0.48,13.6
Mauro Goicoechea,250000,33,1.86,Goalkeeper,right,,Club Atlético Boston River,Ligue 1,1.52,4.42,3.03,68.6,0.25,0.38,0.25,0.38,42.9,0.13,0.13,0.0,0.0,0.0,1.52,0.13,0.13,0.13,0.0,1.26,0.26,-0.25,6.57,17.44,37.7,23.01,4.68,49.5,40.9,9.1,66.7,52.2,10.62,0.63,6.0,0.38,12.3
Maxime Dupé,1000000,29,1.88,Goalkeeper,right,1.32602739726027,FC Toulouse,Ligue 1,1.63,2.97,1.53,51.6,0.48,0.29,0.19,0.1,10.0,0.29,0.19,0.1,0.0,33.3,1.63,0.19,0.19,0.19,0.0,1.23,0.35,-0.4,6.81,18.79,36.2,20.13,3.64,55.2,44.5,8.72,87.9,64.4,8.82,0.38,4.3,0.58,16.0
Michael Esser,500000,34,1.98,Goalkeeper,right,1.32602739726027,VfL Bochum,Bundesliga,2.06,6.53,4.66,70.8,0.16,0.19,0.66,0.16,15.6,0.19,0.16,0.03,0.0,16.7,2.06,0.16,0.03,0.38,0.03,1.83,0.26,-0.2,9.78,20.41,47.9,29.59,4.41,51.2,40.7,8.88,59.2,46.3,11.03,0.53,4.8,0.88,15.0
Mike Maignan,25000000,26,1.91,Goalkeeper,right,4.32876712328767,AC Milan,Serie A,0.94,3.68,2.88,76.8,0.56,0.24,0.21,0.41,41.2,0.15,0.09,0.03,0.03,25.0,0.94,0.09,0.0,0.18,0.09,1.0,0.25,0.15,4.74,11.53,41.1,27.24,5.18,33.0,34.3,5.41,46.7,43.0,7.79,0.68,8.7,0.85,15.4
Neil Etheridge,1500000,32,1.88,Goalkeeper,right,2.32876712328767,Birmingham City,Premier League,1.82,5.29,3.55,67.7,0.26,0.11,0.63,0.26,26.3,0.18,0.11,0.08,0.0,42.9,1.82,0.11,0.03,0.34,0.0,1.82,0.32,0.01,8.92,29.5,30.2,23.29,1.34,90.8,61.8,8.42,99.1,70.3,7.63,0.5,6.6,1.08,15.8
Neto,4000000,32,1.9,Goalkeeper,right,1.32602739726027,FC Barcelona,La Liga,0.86,3.0,2.29,81.0,0.43,0.29,0.29,0.43,42.9,0.29,0.29,0.0,0.0,0.0,0.86,0.29,0.0,0.14,0.0,0.96,0.24,0.1,3.14,6.71,46.8,26.57,5.14,21.0,27.6,7.57,15.1,24.4,9.14,0.57,6.3,0.57,15.0
Nícolas Andrade,450000,33,1.9,Goalkeeper,right,1.32602739726027,Pisa Sporting Club,Serie A,1.97,6.42,4.64,71.9,0.19,0.11,0.69,0.19,19.4,0.22,0.17,0.06,0.0,25.0,1.97,0.17,0.11,0.25,0.06,2.09,0.3,0.17,10.31,25.12,41.0,27.65,6.17,59.2,44.5,10.06,87.0,59.9,12.95,1.33,10.3,0.61,13.9
Niki Mäenpää,200000,37,1.91,Goalkeeper,right,1.32602739726027,Venezia FC,Serie A,1.64,3.27,2.0,61.1,0.0,0.36,0.55,0.0,0.0,0.55,0.36,0.0,0.18,0.0,1.64,0.36,0.0,0.0,0.0,1.45,0.36,-0.18,3.27,10.91,30.0,23.45,5.64,38.0,35.7,7.09,28.2,29.2,9.64,0.55,5.7,0.18,11.9
Oier Olazábal,300000,32,1.89,Goalkeeper,left,0.326027397260274,RCD Espanyol Barcelona,La Liga,1.9,6.38,4.71,73.1,0.33,0.24,0.43,0.24,23.8,0.24,0.19,0.05,0.0,20.0,1.9,0.19,0.05,0.24,0.05,2.0,0.29,0.14,6.76,16.57,40.8,16.48,4.52,56.6,45.0,10.43,69.4,51.5,11.76,1.0,8.5,0.43,12.6
Oliver Baumann,5000000,31,1.87,Goalkeeper,right,2.32876712328767,TSG 1899 Hoffenheim,Bundesliga,1.41,4.13,2.84,67.4,0.44,0.22,0.34,0.25,25.0,0.13,0.06,0.03,0.03,33.3,1.41,0.06,0.0,0.28,0.06,1.4,0.33,0.06,4.66,13.56,34.3,40.66,5.53,28.7,31.5,5.94,31.6,30.7,8.25,0.72,8.7,1.25,15.3
Orestis Karnezis,500000,36,1.9,Goalkeeper,right,1.32602739726027,LOSC Lille B,Serie A,0.78,2.78,2.11,76.0,0.67,0.22,0.11,0.44,44.4,0.11,0.11,0.0,0.0,0.0,0.78,0.11,0.0,0.0,0.0,0.92,0.3,0.14,3.67,11.33,32.4,19.78,3.78,37.6,34.3,6.33,61.4,49.9,7.33,0.33,4.5,0.11,11.7
Ouparine Djoco,400000,23,1.88,Goalkeeper,right,3.32876712328767,Clermont Foot 63,Ligue 1,1.23,3.54,2.46,67.4,0.31,0.23,0.46,0.31,30.8,0.08,0.08,0.0,0.0,0.0,1.23,0.08,0.0,0.31,0.15,1.08,0.29,0.01,5.38,15.69,34.3,24.23,3.85,47.3,39.6,6.77,62.5,43.7,7.77,0.38,5.0,0.85,14.0
Pau López,10000000,27,1.89,Goalkeeper,left,4.32876712328767,Olympique Marseille,Ligue 1,1.07,3.43,2.47,71.9,0.4,0.35,0.27,0.38,36.8,0.13,0.11,0.03,0.0,20.0,1.07,0.11,0.03,0.16,0.03,1.23,0.33,0.19,4.83,11.05,43.7,35.36,4.91,25.6,30.0,5.58,35.6,34.3,5.9,0.7,11.8,0.97,16.6
Paul Bernardoni,10000000,24,1.9,Goalkeeper,left,0.326027397260274,AS Saint-Étienne,Ligue 1,1.5,3.47,2.17,63.5,0.27,0.27,0.47,0.23,23.3,0.23,0.23,0.0,0.0,0.0,1.5,0.23,0.07,0.4,0.0,1.3,0.32,-0.2,4.5,12.67,35.5,20.97,6.4,39.4,36.9,7.27,60.6,47.2,8.2,1.0,12.2,0.63,14.4
Paul Nardi,3000000,27,1.88,Goalkeeper,right,1.32602739726027,FC Lorient,Ligue 1,1.67,4.04,2.63,63.3,0.22,0.33,0.44,0.19,18.5,0.26,0.19,0.04,0.04,16.7,1.67,0.19,0.15,0.11,0.07,1.36,0.31,-0.23,3.48,14.33,24.3,16.33,3.33,51.0,43.2,8.41,71.4,56.2,8.89,0.33,3.8,0.3,13.2
Paulo Gazzaniga,3000000,30,1.96,Goalkeeper,right,1.32602739726027,Fulham FC,Championship,1.13,2.63,1.75,61.9,0.38,0.13,0.5,0.25,25.0,0.13,0.13,0.0,0.0,0.0,1.13,0.13,0.0,0.38,0.13,0.94,0.32,-0.06,7.63,20.13,37.9,22.38,3.0,60.3,50.4,8.0,82.8,65.5,7.38,0.63,8.5,0.13,11.2
Pavao Pervan,600000,34,1.94,Goalkeeper,both,2.32876712328767,VfL Wolfsburg,Bundesliga,1.0,4.5,3.63,80.6,0.25,0.5,0.25,0.38,37.5,0.13,0.13,0.0,0.0,0.0,1.0,0.13,0.0,0.0,0.0,1.15,0.25,0.15,6.75,16.75,40.3,25.63,4.75,49.3,39.9,7.75,53.2,46.2,9.13,0.38,4.1,0.75,15.0
Pepe Reina,800000,39,1.88,Goalkeeper,right,0.326027397260274,SS Lazio,Serie A,1.93,3.67,2.11,57.6,0.48,0.15,0.37,0.19,18.5,0.41,0.37,0.0,0.04,0.0,1.93,0.37,0.0,0.15,0.04,1.5,0.32,-0.39,6.67,11.67,57.1,29.44,4.56,33.5,33.4,5.78,31.4,30.8,7.96,0.44,5.6,0.52,14.0
Péter Gulácsi,11000000,31,1.9,Goalkeeper,right,3.32876712328767,RB Leipzig,Bundesliga,1.31,3.31,2.17,65.5,0.43,0.24,0.33,0.24,23.8,0.19,0.17,0.0,0.02,0.0,1.31,0.17,0.0,0.24,0.05,1.2,0.33,-0.06,4.5,10.6,42.5,29.69,4.31,30.1,32.0,5.38,31.0,31.9,6.12,0.33,5.4,1.38,18.1
Philipp Tschauner,300000,36,1.96,Goalkeeper,right,0.326027397260274,RB Leipzig,Bundesliga,1.45,4.9,3.45,71.7,0.29,0.29,0.42,0.16,16.1,0.1,0.06,0.0,0.03,0.0,1.45,0.06,0.03,0.39,0.0,1.54,0.31,0.08,8.74,18.68,46.8,27.48,4.84,49.3,38.8,8.13,63.1,45.7,9.58,0.32,3.4,0.68,15.3
Pierluigi Gollini,13000000,26,1.94,Goalkeeper,right,0.326027397260274,Tottenham Hotspur,Premier League,1.08,1.95,1.19,61.1,0.76,0.22,0.11,0.43,40.0,0.32,0.32,0.0,0.0,0.0,1.08,0.32,0.0,0.0,0.0,0.92,0.32,-0.16,3.57,10.18,35.1,23.72,3.68,27.4,34.0,5.2,70.8,55.4,4.98,0.43,8.7,0.97,18.2
Pietro Terracciano,1000000,31,1.93,Goalkeeper,right,1.32602739726027,ACF Fiorentina,Serie A,1.4,3.24,2.02,58.1,0.44,0.18,0.31,0.26,28.6,0.13,0.04,0.09,0.0,66.7,1.4,0.04,0.0,0.13,0.13,1.17,0.33,-0.1,9.03,17.09,52.8,39.35,4.16,36.1,34.8,5.65,51.2,42.1,6.88,0.53,7.6,0.92,15.9
Predrag Rajkovic,9000000,26,1.92,Goalkeeper,right,1.32602739726027,Stade Reims,Ligue 1,1.25,3.94,2.86,72.5,0.22,0.42,0.36,0.31,30.6,0.22,0.17,0.03,0.03,14.3,1.25,0.17,0.06,0.25,0.0,1.32,0.3,0.07,5.42,15.47,35.0,27.5,4.89,41.8,38.9,7.58,52.4,43.4,9.03,0.78,8.6,1.11,16.0
Przemyslaw Tyton,300000,35,1.95,Goalkeeper,right,,Without Club,MLS,2.45,6.09,3.64,60.9,0.07,0.14,0.77,0.14,14.3,0.07,0.07,0.0,0.0,0.0,2.45,0.07,0.14,0.35,0.0,2.06,0.34,-0.39,3.78,8.96,42.2,20.37,4.06,25.8,30.6,8.89,41.7,37.1,9.24,0.56,6.1,0.63,14.3
Rafal Gikiewicz,1500000,34,1.9,Goalkeeper,right,1.32602739726027,FC Augsburg,Bundesliga,1.67,4.75,3.17,66.7,0.25,0.25,0.5,0.25,25.0,0.11,0.08,0.0,0.03,0.0,1.67,0.08,0.0,0.11,0.08,1.48,0.3,-0.1,7.72,19.5,39.6,28.36,4.64,47.9,40.2,8.39,70.5,52.5,9.47,0.67,7.0,1.03,15.7
Ralf Fährmann,500000,33,1.97,Goalkeeper,right,3.32876712328767,FC Schalke 04,2. Bundesliga,2.14,7.43,5.43,73.1,0.29,0.0,0.71,0.14,14.3,0.29,0.14,0.14,0.0,50.0,2.14,0.14,0.14,0.43,0.0,1.9,0.22,-0.24,6.86,21.29,32.2,32.14,6.71,48.0,39.7,7.86,74.5,50.8,13.14,0.71,5.4,0.86,14.5
Raúl Lizoain,300000,31,1.88,Goalkeeper,left,0.326027397260274,CD Mirandés,La Liga,2.45,5.55,3.27,59.0,0.09,0.18,0.73,0.09,9.1,0.18,0.18,0.0,0.0,0.0,2.45,0.18,0.0,0.27,0.0,1.99,0.34,-0.46,3.45,8.09,42.7,22.0,4.18,25.6,29.9,4.27,57.4,43.3,9.82,0.82,8.3,0.36,14.5
Régis Gurtner,500000,35,1.82,Goalkeeper,right,1.32602739726027,Amiens SC,Ligue 1,1.79,5.0,3.29,65.0,0.14,0.39,0.46,0.18,17.9,0.04,0.04,0.0,0.0,0.0,1.79,0.04,0.04,0.46,0.04,1.46,0.29,-0.29,8.25,18.61,44.3,20.25,3.39,55.7,43.6,9.07,80.7,55.4,9.61,0.54,5.6,0.39,13.7
Rob Elliot,200000,35,1.9,Goalkeeper,left,1.32602739726027,Watford FC,Premier League,1.31,4.0,2.81,68.8,0.31,0.13,0.56,0.19,18.8,0.13,0.06,0.06,0.0,50.0,1.31,0.06,0.0,0.19,0.06,1.28,0.3,0.03,10.44,24.13,43.3,23.63,3.06,67.7,50.0,9.94,81.8,59.7,11.75,0.75,6.4,0.44,12.2
Robert Sánchez,11000000,24,1.97,Goalkeeper,right,3.32876712328767,Brighton & Hove Albion,Premier League,1.13,3.71,2.61,70.9,0.29,0.39,0.32,0.29,28.9,0.08,0.05,0.0,0.03,0.0,1.13,0.05,0.0,0.16,0.0,1.16,0.3,0.03,6.0,16.35,36.7,36.83,4.0,34.3,36.3,6.05,61.3,50.2,8.27,0.84,10.2,0.82,14.5
Roberto Santamaría,100000,37,1.83,Goalkeeper,right,0.326027397260274,SD Amorebieta,La Liga,1.5,4.45,3.2,73.0,0.25,0.35,0.4,0.3,30.0,0.3,0.3,0.0,0.0,0.0,1.5,0.3,0.05,0.0,0.05,1.63,0.32,0.18,10.75,24.65,43.6,20.9,2.0,79.9,56.9,8.4,94.6,67.4,10.0,0.65,6.5,0.4,13.7
Robin Olsen,2000000,32,1.96,Goalkeeper,right,0.326027397260274,Aston Villa,Serie A,1.29,3.86,2.57,70.4,0.29,0.43,0.29,0.29,28.6,0.14,0.14,0.0,0.0,0.0,1.29,0.14,0.0,0.0,0.0,1.36,0.33,0.07,7.14,14.86,48.1,21.14,3.0,49.3,41.1,7.29,60.8,46.3,7.29,0.57,7.8,0.14,11.0
Robin Zentner,5000000,27,1.95,Goalkeeper,right,1.32602739726027,1.FSV Mainz 05,Bundesliga,1.13,3.41,2.38,69.7,0.47,0.22,0.31,0.31,31.3,0.13,0.09,0.03,0.0,25.0,1.13,0.09,0.0,0.03,0.03,1.06,0.29,-0.03,4.88,14.06,34.7,23.38,5.53,42.9,39.4,8.0,50.4,44.1,9.0,0.94,10.4,1.0,16.0
Roman Bürki,1800000,31,1.87,Goalkeeper,right,1.32602739726027,Borussia Dortmund,Bundesliga,1.62,4.81,3.41,70.8,0.49,0.11,0.38,0.22,22.2,0.22,0.22,0.0,0.0,0.0,1.62,0.22,0.0,0.32,0.0,1.37,0.26,-0.25,4.97,10.86,45.8,28.11,5.73,30.8,32.5,5.89,37.6,36.3,6.54,0.49,7.4,0.32,13.4
Ron-Robert Zieler,700000,33,1.88,Goalkeeper,right,1.32602739726027,Hannover 96,Bundesliga,2.06,5.24,3.35,61.8,0.21,0.21,0.59,0.18,17.6,0.09,0.06,0.0,0.03,0.0,2.06,0.06,0.06,0.18,0.15,1.74,0.33,-0.18,7.24,21.94,33.0,26.71,3.65,58.6,45.2,8.82,71.3,57.6,9.12,0.38,4.2,1.0,16.0
Rubén,200000,37,1.87,Goalkeeper,right,,Without Club,La Liga,1.36,2.9,1.65,58.8,0.28,0.51,0.23,0.28,27.8,0.17,0.17,0.0,0.0,0.0,1.36,0.17,0.06,0.06,0.0,1.1,0.34,-0.27,8.53,22.97,37.1,21.72,3.41,73.6,52.7,8.13,86.0,61.9,9.49,0.68,7.2,0.4,13.8
Rubén Blanco,3500000,26,1.88,Goalkeeper,right,1.32602739726027,Celta de Vigo,La Liga,1.48,3.3,1.87,56.7,0.38,0.33,0.33,0.22,21.1,0.06,0.06,0.0,0.0,0.0,1.48,0.06,0.06,0.11,0.0,1.25,0.37,-0.23,6.1,16.38,37.2,28.59,4.45,40.2,36.2,7.92,61.8,46.3,8.19,0.49,6.0,0.66,14.9
Rubén Yáñez,1500000,28,1.88,Goalkeeper,right,1.32602739726027,Getafe CF,La Liga,1.2,3.0,1.9,63.3,0.3,0.3,0.4,0.4,40.0,0.1,0.1,0.0,0.0,0.0,1.2,0.1,0.0,0.0,0.0,1.16,0.35,-0.04,8.9,20.3,43.8,20.8,2.9,70.2,48.7,6.8,83.8,61.1,7.2,0.5,6.9,0.7,15.2
Rui Patrício,8000000,34,1.9,Goalkeeper,left,2.32876712328767,AS Roma,Serie A,1.26,3.79,2.61,69.4,0.45,0.18,0.37,0.37,36.8,0.13,0.11,0.03,0.0,20.0,1.26,0.11,0.03,0.16,0.05,1.15,0.27,-0.07,5.13,11.32,45.3,19.98,4.08,43.2,37.1,6.45,41.6,35.8,7.95,0.16,2.0,0.37,12.2
Rui Silva,14000000,28,1.91,Goalkeeper,left,4.32876712328767,Real Betis Balompié,La Liga,1.48,3.52,2.38,65.8,0.42,0.12,0.45,0.24,24.2,0.3,0.27,0.03,0.0,10.0,1.48,0.27,0.0,0.12,0.06,1.28,0.3,-0.14,7.08,17.37,40.7,24.75,3.43,49.5,41.0,7.65,66.9,51.8,8.55,0.42,4.9,0.93,15.3
Rune Jarstein,400000,37,1.92,Goalkeeper,right,1.32602739726027,Hertha BSC,Bundesliga,1.63,3.88,2.5,61.3,0.25,0.13,0.63,0.13,12.5,0.25,0.13,0.13,0.0,50.0,1.63,0.13,0.0,0.25,0.13,1.26,0.28,-0.24,7.5,19.13,39.2,26.25,3.13,51.0,41.7,9.25,62.2,47.9,9.38,0.88,9.3,0.5,12.8
Salvatore Sirigu,1500000,35,1.92,Goalkeeper,right,0.326027397260274,Genoa CFC,Serie A,1.89,5.0,3.29,65.8,0.08,0.45,0.47,0.21,21.1,0.24,0.18,0.03,0.03,12.5,1.89,0.18,0.08,0.26,0.05,1.58,0.29,-0.26,7.76,18.11,42.9,26.03,3.05,50.3,39.9,7.87,63.9,45.5,9.03,0.55,6.1,0.42,12.9
Sam Johnstone,8000000,28,1.93,Goalkeeper,right,0.326027397260274,West Bromwich Albion,Championship,1.82,6.82,5.18,77.3,0.18,0.27,0.55,0.18,18.2,0.45,0.27,0.09,0.09,25.0,1.82,0.27,0.18,0.55,0.0,2.01,0.26,0.19,9.36,28.18,33.2,27.64,4.73,75.3,54.3,8.18,90.0,63.5,7.73,0.64,8.2,0.64,15.0
Samir Handanovic,2500000,37,1.93,Goalkeeper,right,0.326027397260274,Inter Milan,Serie A,0.82,2.82,2.13,74.8,0.64,0.22,0.16,0.42,41.3,0.13,0.11,0.02,0.0,16.7,0.82,0.11,0.02,0.09,0.04,0.7,0.22,-0.08,4.89,8.58,57.0,28.04,4.13,26.4,29.0,4.18,28.2,30.5,6.58,0.33,5.1,0.22,12.3
Sascha Burchert,450000,32,1.87,Goalkeeper,right,0.326027397260274,SpVgg Greuther Fürth,Bundesliga,2.0,5.15,3.31,64.2,0.15,0.31,0.54,0.23,23.1,0.15,0.15,0.0,0.0,0.0,2.0,0.15,0.08,0.31,0.15,1.64,0.31,-0.21,9.31,24.31,38.3,30.38,3.23,57.0,45.4,8.54,82.0,57.3,10.31,0.54,5.2,1.31,16.3
Saturnin Allagbé,700000,28,1.87,Goalkeeper,right,2.32876712328767,Dijon FCO,Ligue 2,2.75,5.5,2.88,52.3,0.25,0.0,0.75,0.25,25.0,0.25,0.13,0.13,0.0,50.0,2.75,0.13,0.0,0.38,0.13,1.93,0.31,-0.7,7.5,19.75,38.0,24.75,6.25,52.0,40.2,9.63,71.4,50.2,8.75,0.5,5.7,1.0,14.1
Sebastian Breza,150000,23,1.96,Goalkeeper,right,0.83013698630137,CF Montréal,Major League Soccer,1.2,3.5,2.4,68.6,0.3,0.2,0.5,0.2,20.0,0.1,0.1,0.0,0.0,0.0,1.2,0.1,0.0,0.0,0.0,1.14,0.3,-0.06,2.6,6.8,38.2,22.6,4.6,17.7,26.1,8.0,35.0,28.5,6.4,0.3,4.7,0.9,14.0
Sergio Asenjo,5000000,32,1.89,Goalkeeper,right,0.326027397260274,Villarreal CF,La Liga,1.14,3.57,2.64,74.0,0.71,0.07,0.21,0.36,35.7,0.36,0.21,0.07,0.07,25.0,1.14,0.21,0.0,0.14,0.0,1.1,0.25,-0.04,5.21,12.5,41.7,29.5,4.64,26.6,30.8,9.29,50.0,43.5,12.79,0.93,7.3,0.64,14.0
Sergio Rico,5000000,28,1.95,Goalkeeper,right,0.326027397260274,RCD Mallorca,La Liga,1.78,4.29,2.66,62.1,0.44,0.0,0.44,0.0,0.0,0.15,0.15,0.0,0.0,0.0,1.78,0.15,0.0,0.3,0.0,1.58,0.37,-0.19,5.18,10.95,47.3,20.58,4.29,40.3,37.2,5.33,50.0,43.2,8.59,0.44,5.2,0.3,13.2
Sergio Romero,1000000,35,1.92,Goalkeeper,right,0.326027397260274,Venezia FC,Serie A,1.93,6.13,4.53,71.7,0.2,0.27,0.53,0.2,20.0,0.2,0.2,0.0,0.0,0.0,1.93,0.2,0.0,0.07,0.13,1.87,0.28,0.07,7.47,16.67,44.8,27.8,6.0,44.1,38.0,9.2,47.8,39.8,10.2,0.67,6.5,0.53,11.8
Simon Mignolet,6500000,34,1.93,Goalkeeper,right,3.32876712328767,Club Brugge KV,First Division A,3.33,7.33,4.5,61.4,0.17,0.17,0.67,0.0,0.0,0.5,0.5,0.0,0.0,0.0,3.33,0.5,0.0,0.0,0.0,3.3,0.4,-0.03,11.0,20.0,55.0,30.0,3.5,52.2,39.6,7.83,55.3,39.9,5.5,0.5,9.1,0.67,13.6
Simone Scuffet,800000,25,1.93,Goalkeeper,right,1.24383561643836,APOEL Nicosia,Süper Lig,1.44,4.0,2.67,66.7,0.22,0.22,0.56,0.22,22.2,0.11,0.11,0.0,0.0,0.0,1.44,0.11,0.0,0.11,0.0,1.23,0.29,-0.21,7.0,15.56,45.0,18.33,3.78,46.7,38.7,10.22,68.5,49.1,9.22,0.22,2.4,0.44,14.0
Stefan Bajic,2000000,20,1.88,Goalkeeper,right,0.326027397260274,Pau FC,Ligue 2,2.55,4.65,2.4,51.6,0.0,0.15,0.6,0.0,0.0,0.45,0.3,0.0,0.15,0.0,2.55,0.3,0.15,0.0,0.0,2.27,0.43,-0.29,5.4,15.45,35.0,25.5,7.2,39.4,34.7,7.65,70.6,50.3,9.6,0.45,4.7,1.35,15.5
Stefan Ortega,6000000,29,1.85,Goalkeeper,right,0.326027397260274,Arminia Bielefeld,Bundesliga,1.22,4.42,3.31,75.5,0.22,0.42,0.36,0.33,33.3,0.14,0.14,0.0,0.0,0.0,1.22,0.14,0.0,0.14,0.0,1.39,0.29,0.16,14.56,30.75,47.3,43.58,2.56,56.8,45.8,8.89,67.5,53.3,9.67,0.72,7.5,1.17,16.0
Steve Mandanda,2000000,36,1.85,Goalkeeper,right,2.32876712328767,Olympique Marseille,Ligue 1,1.25,3.56,2.38,66.7,0.56,0.31,0.13,0.25,25.0,0.06,0.06,0.0,0.0,0.0,1.25,0.06,0.0,0.38,0.06,1.14,0.33,-0.04,4.19,8.88,47.2,27.69,4.56,27.1,30.3,6.69,20.6,27.6,8.25,0.44,5.3,0.75,15.3
Stole Dimitrievski,2500000,28,1.88,Goalkeeper,right,2.32876712328767,Rayo Vallecano,La Liga,1.16,3.54,2.68,75.7,0.45,0.15,0.35,0.3,31.6,0.4,0.3,0.1,0.0,25.0,1.16,0.3,0.0,0.15,0.05,1.31,0.28,0.2,7.12,19.6,36.3,23.03,4.9,59.4,47.3,7.58,78.0,58.2,7.63,0.76,9.9,0.25,11.5
Sven Ulreich,900000,33,1.92,Goalkeeper,right,0.326027397260274,Bayern Munich,Bundesliga,1.5,3.5,2.33,61.9,0.33,0.33,0.33,0.17,16.7,0.17,0.17,0.0,0.0,0.0,1.5,0.17,0.17,0.17,0.17,1.38,0.35,0.05,3.83,8.33,46.0,33.17,5.0,23.6,27.5,4.83,10.3,19.7,5.0,0.83,16.7,1.5,18.3
Thibaut Courtois,65000000,29,2.0,Goalkeeper,left,4.32876712328767,Real Madrid,La Liga,0.73,3.44,2.77,80.4,0.67,0.23,0.1,0.42,42.3,0.1,0.06,0.04,0.0,40.0,0.73,0.06,0.02,0.04,0.0,0.9,0.24,0.17,3.44,9.4,36.6,28.62,5.9,24.7,32.1,5.67,41.0,39.2,8.02,0.73,9.1,0.69,15.1
Thomas Didillon,1300000,26,1.93,Goalkeeper,left,2.32876712328767,Cercle Brugge,Ligue 1,1.56,4.0,2.89,69.4,0.11,0.11,0.78,0.22,22.2,0.33,0.33,0.0,0.0,0.0,1.56,0.33,0.0,0.0,0.11,1.41,0.28,-0.03,5.56,13.22,42.0,17.33,4.11,48.7,40.7,5.11,93.5,60.9,14.0,1.44,10.3,0.33,13.6
Thomas Strakosha,7000000,26,1.93,Goalkeeper,right,0.326027397260274,SS Lazio,Serie A,0.92,3.17,2.38,76.3,0.42,0.33,0.25,0.46,45.8,0.17,0.17,0.0,0.0,0.0,0.92,0.17,0.0,0.08,0.04,0.92,0.25,0.05,4.58,8.83,51.9,23.83,3.96,31.6,30.8,6.79,19.0,24.0,7.75,0.33,4.3,0.33,14.9
Tim Krul,2000000,33,1.93,Goalkeeper,left,2.32876712328767,Norwich City,Premier League,2.0,4.95,3.2,65.7,0.15,0.2,0.65,0.15,15.0,0.35,0.3,0.05,0.0,14.3,2.0,0.3,0.0,0.3,0.1,1.85,0.32,-0.06,6.8,17.75,38.3,29.45,4.9,46.5,40.4,7.55,53.6,44.9,8.6,0.35,4.1,0.4,12.8
Timo Horn,4000000,28,1.92,Goalkeeper,left,1.32602739726027,1. FC Köln,Bundesliga,1.67,4.29,2.71,62.1,0.29,0.38,0.33,0.13,12.5,0.04,0.04,0.0,0.0,0.0,1.67,0.04,0.0,0.21,0.04,1.45,0.33,-0.18,6.33,13.79,45.9,32.0,3.38,36.1,36.0,6.25,36.0,35.8,7.33,0.17,2.3,0.79,15.7
Tom Heaton,1000000,35,1.88,Goalkeeper,right,1.32602739726027,Manchester United,Premier League,1.76,4.97,3.36,67.7,0.3,0.15,0.55,0.2,20.0,0.15,0.15,0.0,0.0,0.0,1.76,0.15,0.05,0.35,0.05,1.64,0.31,-0.07,6.47,19.26,33.6,20.97,4.77,57.7,45.9,9.83,73.0,56.5,11.29,0.85,7.6,0.4,11.7
Tomáš Vaclík,4000000,32,1.9,Goalkeeper,right,1.32602739726027,Olympiacos Piraeus,Super League,1.33,3.44,2.22,64.5,0.44,0.0,0.56,0.33,33.3,0.11,0.11,0.0,0.0,0.0,1.33,0.11,0.0,0.44,0.0,1.39,0.37,0.06,7.11,16.44,43.2,25.78,4.0,42.7,38.4,9.89,55.1,44.6,8.33,0.78,9.3,0.33,12.5
Unai Simón,25000000,24,1.9,Goalkeeper,right,3.32876712328767,Athletic Bilbao,La Liga,0.91,3.09,2.17,74.1,0.31,0.43,0.26,0.37,37.1,0.11,0.11,0.0,0.0,0.0,0.91,0.11,0.0,0.11,0.03,0.86,0.25,-0.02,5.37,11.71,45.9,19.49,5.77,39.3,36.3,7.46,54.4,45.6,11.14,0.69,6.2,0.71,15.2
Vicente Guaita,1500000,35,1.9,Goalkeeper,right,1.32602739726027,Crystal Palace,Premier League,1.54,4.12,2.68,64.9,0.25,0.31,0.46,0.28,27.3,0.09,0.09,0.0,0.0,0.0,1.54,0.09,0.03,0.34,0.0,1.34,0.31,-0.2,6.03,14.12,42.7,24.0,5.05,40.6,35.7,7.08,61.7,46.4,8.37,0.77,9.2,0.52,13.8
Vid Belec,700000,31,1.92,Goalkeeper,right,1.32602739726027,US Salernitana 1919,Serie A,2.25,5.95,3.9,64.7,0.15,0.1,0.75,0.05,5.0,0.2,0.15,0.0,0.05,0.0,2.25,0.15,0.0,0.3,0.1,1.75,0.27,-0.41,7.15,16.75,42.7,18.65,3.5,56.3,44.6,8.4,74.4,53.5,9.85,0.5,5.1,0.3,12.6
Vito Mannone,600000,34,1.88,Goalkeeper,right,0.326027397260274,AS Monaco,Ligue 1,1.56,3.33,2.0,60.0,0.56,0.11,0.33,0.22,22.2,0.22,0.22,0.0,0.0,0.0,1.56,0.22,0.0,0.11,0.0,1.32,0.34,-0.23,6.11,15.33,39.9,25.11,2.89,41.2,36.4,6.78,73.8,54.0,7.0,0.33,4.8,0.67,18.8
Walter Benítez,12000000,29,1.91,Goalkeeper,right,1.32602739726027,OGC Nice,Ligue 1,0.92,3.69,2.89,78.2,0.56,0.19,0.25,0.36,36.1,0.11,0.11,0.0,0.0,0.0,0.92,0.11,0.03,0.11,0.0,1.05,0.26,0.14,4.39,11.0,39.9,21.28,4.22,32.8,32.5,7.11,56.6,44.6,8.44,0.42,4.9,0.67,15.0
Wayne Hennessey,800000,35,1.97,Goalkeeper,right,1.32602739726027,Burnley FC,Premier League,1.49,3.71,2.4,64.6,0.23,0.17,0.57,0.29,29.4,0.23,0.17,0.06,0.0,25.0,1.49,0.17,0.06,0.29,0.0,1.27,0.3,-0.21,6.57,20.0,32.9,20.91,3.49,62.0,49.4,8.29,84.8,68.3,10.17,0.51,5.1,0.69,15.1
Wojciech Szczesny,15000000,31,1.96,Goalkeeper,right,2.32876712328767,Juventus FC,Serie A,1.05,3.07,2.17,69.0,0.54,0.27,0.19,0.32,31.7,0.17,0.1,0.07,0.0,42.9,1.05,0.1,0.05,0.22,0.05,0.95,0.28,-0.05,5.11,9.45,54.1,25.05,4.41,31.1,33.2,5.62,29.4,30.3,8.79,0.66,7.5,0.46,13.8
Wuilker Faríñez,2500000,24,1.8,Goalkeeper,right,2.32876712328767,RC Lens,Ligue 1,1.78,4.09,2.31,60.9,0.36,0.18,0.36,0.18,20.0,0.18,0.18,0.0,0.0,0.0,1.78,0.18,0.0,0.18,0.0,1.48,0.32,-0.3,1.42,7.11,20.0,16.54,3.74,32.3,31.0,7.29,24.4,27.4,7.11,0.0,0.0,1.25,15.8
Yann Sommer,5000000,33,1.83,Goalkeeper,right,1.32602739726027,Borussia Mönchengladbach,Bundesliga,2.02,5.22,3.29,63.0,0.33,0.21,0.48,0.12,11.8,0.15,0.09,0.06,0.0,40.0,2.02,0.09,0.03,0.18,0.03,2.0,0.36,0.01,6.82,15.21,44.8,36.37,4.65,35.2,33.7,6.04,40.0,36.1,6.64,0.51,7.7,1.03,15.2
Yassine Bounou,15000000,30,1.92,Goalkeeper,left,2.32876712328767,Sevilla FC,La Liga,0.79,2.77,2.12,78.2,0.51,0.33,0.16,0.44,44.2,0.28,0.19,0.05,0.05,20.0,0.79,0.19,0.02,0.09,0.0,0.83,0.24,0.04,5.6,12.51,44.8,27.07,3.84,32.9,34.7,6.51,55.4,44.0,7.47,0.72,9.7,0.67,14.9
Zack Steffen,6000000,26,1.91,Goalkeeper,right,3.32876712328767,Manchester City,Bundesliga,2.12,5.59,3.59,63.2,0.24,0.18,0.59,0.12,11.8,0.12,0.06,0.06,0.0,50.0,2.12,0.06,0.06,0.35,0.06,1.88,0.32,-0.18,9.18,19.24,47.7,28.06,5.94,48.6,41.9,8.41,66.4,55.3,8.53,0.53,6.2,0.65,13.6
