longName,ratings_mean
Aaron Lennon,0.0038520530335369
Aaron Cresswell,0.010630259069007
Aaron Hunt,0.0068051167204883
Aaron Mooy,0.0325453274049692
Aaron Ramsey,0.0921722338058695
Aarón Martín Caricol,0.0047734650101524
Abdou Diallo,0.0310662692825067
Abdou Kader Mangane,0.0196770362119853
Abdoulaye Doucouré,0.0537659687400978
Abdoulaye Touré,0.013287887572521
Abdul Khaled Akiola Adénon,0.004623261233899
Adam Marušić,0.029104609472327
Adam Masina,0.0052246078496541
Adam Ounas,0.0047706351901933
Adam Smith,0.0046052367184627
Adama Diakhaby,0.0047916784936307
Adama Mbengue,0.0033202292292361
Adama Niane,0.0736682897087652
Adel Taarabt,0.0210413181464337
Adem Ljajić,0.0603094955779732
Ademola Lookman,0.0194715078215222
Adil Rami,0.0122856286121591
Adnan Januzaj,0.0311616069579348
Adrian Mariappa,0.0059059672110806
Adrian Marius Stoian,0.0150895167068342
Adrien  Tameze,0.0046400657731995
Adrien Hunou,0.0271840698756605
Adrien Rabiot,0.01148835149406
Adrien Sebastian Perruchet Silva,0.0048076942132982
Adrien Thomasson,0.0346215302507923
Adrián  González Morales,0.0249336980887902
Adrián López Álvarez,0.0700291824028335
Afriyie Acquah,0.0047882593644649
Ahmed Hegazy,0.016234128853306
Ainsley Maitland-Niles,0.0047619762335612
Alassane Pléa,0.1135437162202903
Alberto  Bueno Calvo,0.0048264201618372
Alberto Aquilani,0.0044182709466282
Alberto De La Bella Madureño,0.0048244080386528
Alberto Grassi,0.0257983927517117
Alberto Moreno Pérez,0.0045000020633156
Alberto Paloschi,0.0554780676640909
Albin Ekdal,0.0047595646736039
Aleandro Rosi,0.0048638454815075
Aleix García Serrano,0.0131183057940114
Aleix Vidal Parreu,0.0273220974110352
Alejandro Berenguer Remiro,0.014390764300617
Alejandro Darío Gómez,0.0579295265134955
Alejandro Granell Nogué,0.0132283168410945
Alejandro Gálvez Jimena,0.0044908628112428
Aleksandar Dragović,0.0048640015976805
Aleksandar Kolarov,0.0253174624394736
Alen Halilović,0.0214018831811685
Alessandro  Florenzi,0.0045983016901644
Alessandro Bastoni,0.0047867853840079
Alessandro Bellemo,0.0047902073714768
Alessandro Deiola,0.0047601467391608
Alessandro Gamberini,0.0053231383136443
Alessandro Matri,0.0302982285319458
Alessandro Murgia,0.0046331885871774
Alessandro Schöpf,0.0047836929733449
Alessio Cerci,0.046508064135343
Alessio Romagnoli,0.02799307290264
Alex Ferrari,0.0155984948222698
Alex Iwobi,0.0225529305485287
Alex Oxlade-Chamberlain,0.0547238713771834
Alex Sandro Lobo Silva,0.0457991458451712
Alexander Djiku,0.0051300407312072
Alexander Esswein,0.0194001560117689
Alexander Hack,0.0222241193656512
Alexander Isak,0.0048255868653504
Alexander Kačaniklić,0.0047527293709977
Alexander,0.0455394355110164
Alexandre Lacazette,0.1342678113758521
Alexandre Mendy,0.0964552865861281
Alexandru Iulian Maxim,0.0047095117610902
Alexis Alejandro Sánchez Sánchez,0.0836538438274704
Alexis Blin,0.0134206208610629
Alexis Ruano Delgado,0.0046938830720252
Alfie Mawson,0.0191783674774743
Alfonso Pedraza Sag,0.0306581000143448
Alfreð Finnbogason,0.1745158472212832
Ali Adnan Kadhim Al Tameemi,0.005386074379559
Alin Dorinel Toșca,0.0048329345560528
Allan,0.033427563243231
Allan Saint-Maximin,0.0352400636613158
Allan-Romeo Nyom,0.0044104450093063
Almamy Touré,0.0124897397124307
Alois Confais,0.004702069805276
Amadou Diawara,0.0048324342920969
Amath Diedhiou Ndiaye,0.0207583218852086
Amine Harit,0.0664538312758581
Anaitz Arbilla Zabala,0.0182666768905426
Anastasios Donis,0.0048622659191366
Ander Capa Rodríguez,0.003970276802543
Ander Herrera Agüera,0.0042082392225984
Ander Iturraspe Derteano,0.005363408622122
Andre Gray,0.03746682984009
Andrea Barberis,0.0204029839068905
Andrea Barzagli,0.0047452595645886
Andrea Belotti,0.0974875292338452
Andrea Bertolacci,0.0097077783380065
Andrea Cossu,0.0047725466590234
Andrea Costa,0.0047176328312793
Andrea Masiello,0.0493805820777444
Andrea Nalini,0.0058837035256958
Andrea Petagna,0.0360338592077299
Andrea Pinamonti,0.0047883840676968
Andrea Poli,0.0226010658302185
Andrea Raggi,0.0047675379094314
Andrea Ranocchia,0.0047821668214315
Andreas Beck,0.0156680337287449
Andreas Christensen,0.0051305016961696
Andreas Evald Cornelius,0.0233907980224911
Andreaw Rayan Gravillon,0.0047902073714768
Andrei Girotto,0.0148165843871413
Andrej Kramarić,0.085161504409568
Andreu Fontàs Prat,0.0047902073714768
Andrew Hjulsager,0.004789442194775
Andrew Robertson,0.0167873972421606
Andrew Surman,0.0146172229751265
Andrey Galabinov,0.0255840584552983
Andrija Balić,0.0046392367095625
Andriy Yarmolenko,0.0360714807896405
Andros Townsend,0.025056120392112
André Ayew Pelé,0.0049181054887587
André Filipe Tavares Gomes,0.0047108108703507
André Hahn,0.0633142602950867
André Martín Carrillo Díaz,0.0195751820877226
André Miguel Valente Silva,0.020387391606781
André Schürrle,0.027972289330229
André-Frank Zambo Anguissa,0.004686657531402
Andrés Iniesta Luján,0.0106519258752786
Andy Delort,0.0556625152559357
Andy King,0.0136111488061835
Angelo Fulgini,0.0403582909038679
Angelo Obinze Ogbonna,0.0096390939953295
Ante Budimir,0.0853935903678105
Ante Rebić,0.0598020537786524
Anthony Gonçalves,0.0045085673475054
Anthony Knockaert,0.036810514313016
Anthony Martial,0.0872375307406285
Anthony Ujah,0.0050763442187257
Antoine Griezmann,0.1762630249757498
Antonino Ragusa,0.0047504162863393
Antonio Aldo Caracciolo,0.0152560431402904
Antonio Barragán Fernández,0.0048235059128345
Antonio Barreca,0.0047902073714768
Antonio Candreva,0.0056618679770147
Antonio García Aranda,0.0038983356431091
Antonio Latorre Grueso,0.004771476246503
Antonio Manuel Luna Rodríguez,0.0042313087524335
Antonio Rukavina,0.0047803874809438
Antonio Rüdiger,0.0111133551036636
Antonín Barák,0.0576390479712933
Anwar El Ghazi,0.0730990683906026
Aritz Aduriz Zubeldia,0.0754712258552878
Aritz Elustondo Irribaria,0.03345834105136
Arjen Robben,0.0644908907307122
Arkadiusz Milik,0.0607676041165541
Arlind Ajeti,0.004758182634284
Armindo Tué Na Bangna,0.0722051342004824
Arnaldo Antonio Sanabria Ayala,0.1409120066258571
Arnaud Souquet,0.0042855916434642
Arne Maier,0.0046400223742645
Arnold Bouka Moutou,0.0048182616407492
Arthur Masuaku,0.0041464523353479
Artur Ioniţă,0.0052582018650593
Arturo Erasmo Vidal Pardo,0.0960561216421615
Ashley  Young,0.0235347282835199
Ashley Barnes,0.0832314756359037
Ashley Westwood,0.0046229551156763
Ashley Williams,0.0161314840422194
Asier Illarramendi Andonegi,0.0458919752847977
Assane Dioussé El Hadji,0.0158224224921512
Aymen Abdennour,0.0047672575379746
Aymen Barkok,0.0048149623348987
Aymeric  Laporte,0.005656358397469
Ayoze Pérez Gutiérrez,0.0876237162648476
Aïssa Mandi,0.014235173299681
Bacary Sagna,0.0186462692069334
Bakary Adama Soumaoro,0.0050727196508328
Bakary Koné,0.0128276624619991
Bakaye Dibassy,0.012068208282374
Bamidele Alli,0.0555281563072249
Baptiste Guillaume,0.0050413517964948
Baptiste Santamaria,0.0044382447162127
Bartolomeu Jacinto Quissanga,0.0313906320974038
Bartosz Bereszyński,0.0041771829210282
Bartosz Salamon,0.0048735719127297
Bassem  Srarfi,0.0311385222316438
Bastian Oczipka,0.0051520018341551
Baïssama Sankoh,0.0046775152288864
Bel Durel Avounou,0.0047900477582358
Ben Chilwell,0.0049662178173569
Ben Davies,0.0247936459028245
Ben Mee,0.0060089333151384
Ben Watson,0.0047206956928085
Benedikt Höwedes,0.0048618386774434
Beni Baningime,0.0046317381815917
Benik Afobe,0.0051011414139922
Benito Nicolas Viola,0.004942311232306
Benjamin André,0.0270696326331945
Benjamin Bourigeaud,0.0923003534618826
Benjamin Henrichs,0.0045034118884442
Benjamin Hübner,0.0338632448045922
Benjamin Jeannot,0.0227530478889809
Benjamin Nivet,0.0254425326516533
Benjamin Pavard,0.0154932946081724
Benjamin Stambouli,0.0044799350941818
Beram Kayal,0.0045904709769552
Berat  Djimsiti,0.0048958064498705
Berkay Özcan,0.0048384048842752
Bernardo,0.0152510633193962
Bernardo José Espinosa Zúñiga,0.0056509539516794
Bernardo Mota Veiga de Carvalho e Silva,0.0542861196608726
Bertrand Isidore Traoré,0.1173338287036501
Beñat Etxebarria Urkiaga,0.0049454271945128
Blaise Matuidi,0.025923992988144
Bobby Shou Wood,0.0289953000964968
Bojan Krkíc Pérez,0.0047939481533164
Bongani Zungu,0.0145486648225217
Borja García Freire,0.0147491028209671
Borja González Tomás,0.0048790731972608
Borja Mayoral Moya,0.0047999541390532
Borja Valero Iglesias,0.0147453410053763
Borja Valle Balonga,0.0049818287448671
Boubacar Kamara,0.0047902073714768
Boubakary Soumaré,0.004705137016012
Boukary Dramé,0.0047655900969741
Bouna Sarr,0.0050363013345363
Boštjan Cesar,0.004849590695435
Brais Méndez Portela,0.0162276654876825
Bram Nuytinck,0.0049070409494782
Branimir Hrgota,0.0048184614398824
Breel-Donald Embolo,0.040301942926963
Bright Gyamfi,0.0047873580575195
Bruno André Cavaco Jordão,0.0047902073714768
Bruno González Cabrera,0.0049354036850751
Bruno Martella,0.004255106326734
Bruno Martins Indi,0.0048032650190246
Bruno Miguel Boialvo Gaspar,0.0047069397268278
Bruno Petković,0.0049649114867155
Bruno Saltor Grau,0.0046638226311581
Bruno Zuculini,0.0355892492761477
Bruno da Silva Peres,0.0046342944570221
Bryan Cristante,0.0876745042125638
Bryan Dabo,0.0292069076391445
Bryan Pelé,0.043424644578451
Caglar Söyüncü,0.0166661182683895
Caiuby Francisco da Silva,0.0457196976237014
Callum Wilson,0.0920530323105913
Carlos Alberto Sánchez Moreno,0.0047086377212531
Carlos Arturo Bacca Ahumada,0.1176349531369265
Carlos Henrique Casimiro,0.0371479069932009
Carlos Joaquín Correa,0.027215491102678
Carlos Joel Salcedo Hernández,0.0048559346126629
Carlos Martín Vigaray,0.0045200502190468
Carlos Soler Barragán,0.0042153788174102
Celso Borges Mora,0.0386553236996296
Cengiz Ünder,0.0492133885832026
Cenk Tosun,0.0950250284585439
Chadrac Akolo,0.0500479438462295
Chang-Hoon Kwon,0.0843275220042357
Chaouki Ben Saada,0.0048120637378461
Charles,0.0959405286084294
Charles Mariano Aránguiz Sandoval,0.0153884973087121
Charles Traoré,0.0042485711025501
Charlie Adam,0.0046631545214206
Charlie Austin,0.1054685550559752
Charlie Daniels,0.0047913695156243
Charlie Taylor,0.0047902073714768
Cheick Doukouré,0.0048527800843771
Cheick Keita,0.0047902073714768
Cheikh M'Bengue,0.0047905711605851
Cheikhou Kouyaté,0.0059852062089126
Chidozie Collins Awaziem,0.0152696235665241
Chris Brunt,0.0054674531632139
Chris Löwe,0.0039324658060649
Chris Philipps,0.0045591897647448
Chris Smalling,0.0296005117413464
Chris Wood,0.1129640138208858
Christ Emmanuel Faitout Maouassa,0.0047488127770169
Christian  Atsu Twasam,0.0431243834999038
Christian  Dannemann Eriksen,0.0767638923381623
Christian Benteke Liolo,0.0273609817225624
Christian Dell'Orco,0.0047896927399461
Christian Fuchs,0.0049825766692547
Christian Günter,0.0046395982845665
Christian Kabasele,0.0176765167130657
Christian Kouakou Yao,0.0270443985280023
Christian Maggio,0.0049378632008976
Christian Pulisic,0.0295123148029636
Christoph Janker,0.0048107756277993
Christoph Kramer,0.0402046861753676
Christophe Jallet,0.0047227128789135
Christophe Kerbrat,0.011346848772114
Christopher Hérelle,0.005050934684809
Christopher Jullien,0.0147448057017669
Christopher Nkunku,0.0047755472244891
Christopher Schindler,0.0056017646695281
Chung-Yong Lee,0.004786531150363
Ciaran Clark,0.0106913077412962
Ciro Immobile,0.2143262947930726
Claudio Ariel Yacob,0.0048667121449578
Claudio Beauvue,0.0137341124986236
Claudio Marchisio,0.0047283398481622
Claudio Miguel Pizarro Bossio,0.0255195027146004
Clinton Mua N'Jie,0.0499041567905048
Clément Lenglet,0.0263003091160744
Clément Michelin,0.0047975854110764
Collin Quaner,0.0044161861204753
Connor Goldson,0.0047799263147175
Corentin Jean,0.0230079155458079
Corentin Tolisso,0.0415082732787137
Craig Dawson,0.0234582197624577
Cristhian Ricardo Stuani Curbelo,0.1611007167992958
Cristian Daniel Ansaldi,0.0218986329033495
Cristian Eduardo Zapata Valencia,0.0048206034694148
Cristian Molinaro,0.004515188508378
Cristian Portugués Manzanera,0.0854087031198403
Cristian Tello Herrera,0.0456619199391171
Cristiano Biraghi,0.0135223182676743
Cristiano Lombardi,0.0048427957810295
Cristiano Ronaldo dos Santos Aveiro,0.2248524237572818
Cyril Théréau,0.1285432621158937
Cédric Ricardo Alves Soares,0.0042845463099215
Cédric Varrault,0.0047902073714768
Cédric Yamberé,0.0305956092571251
César Alejandro Falletti dos Santos,0.0047622883485879
César Azpilicueta Tanco,0.0162051421986077
Dalbert Henrique Chagas Estevão,0.0047717487046808
Dale Stephens,0.0037376518661779
Daley Blind,0.0047736663493433
Damien Da Silva,0.0426297067508944
Damián Nicolás Suárez Suárez,0.012529779072091
Dan Gosling,0.0273881301204632
Dan-Axel Zagadou,0.0047788418576454
Dani Castellano Betancor,0.0044665236750423
Daniel Alejandro Torres Rojas,0.0046536115601641
Daniel Alves da Silva,0.0151870129002787
Daniel Amartey,0.0047902073714768
Daniel Baier,0.0040207752620361
Daniel Brosinski,0.0176439098780703
Daniel Caligiuri,0.0481254158305023
Daniel Carvajal Ramos,0.0049456580909164
Daniel Ceballos Fernández,0.0047184696813824
Daniel Congré,0.0163072935944093
Daniel Didavi,0.0440084723389812
Daniel García Carrillo,0.00435356894743
Daniel Ginczek,0.0507931126691757
Daniel Nii Tackie Mensah Welbeck,0.0047017451343164
Daniel Parejo Muñoz,0.0562940728899689
Daniel Pavlovic,0.0047778339247071
Daniel Raba Antolí,0.039671923530025
Daniel Sturridge,0.0048301771367884
Daniel Tawiah Opare,0.0045251813060737
Daniel Wass,0.0258347515653844
Daniel Williams,0.0046144151489626
Daniele Baselli,0.0346359272098874
Daniele Bonera,0.0046498355361863
Daniele De Rossi,0.0122628997519285
Daniele Dessena,0.0047949243502891
Daniele Rugani,0.0196383503434545
Daniele Verde,0.0047045864142469
Danilo Cataldi,0.0165413342117385
Danilo D'Ambrosio,0.023251002329006
Danilo Fernando Avelar,0.0189836384257832
Danilo Larangeira,0.0160083849035937
Danilo,0.0047763515201435
Danny  Vieira da Costa,0.023994859750254
Danny Drinkwater,0.0211106429086305
Danny Ings,0.0047368495496346
Danny Latza,0.0179395744848322
Danny Rose,0.0047474445161048
Danny Simpson,0.0045052818383531
Dante Bonfim da Costa Santos,0.0125814679650921
Dario Dainelli,0.0048915016371038
Darko Brašanac,0.0401441995227968
Darko Lazović,0.004554716876111
Darren  Fletcher,0.0047044777657927
Daryl Janmaat,0.0214381028532172
David García Santana,0.0047870453323785
David Josué Jiménez Silva,0.0750672261196679
David Juncà Reñé,0.0047146160888454
David López Silva,0.0126317962381741
David Olatukunbo Alaba,0.0295283006957751
Jason,0.0203275149377493
David Rodríguez Lombán,0.0047596456196802
David Simón Rodríguez Santana,0.005056636597038
David Timor Copoví,0.0047394308045721
David Zurutuza Veillet,0.0046661986667959
David Ángel Abraham,0.0053503529975688
Davide Astori,0.0161902540995772
Davide Biondini,0.0047828633372958
Davide Biraschi,0.0046361401111759
Davide Calabria,0.0109836674259485
Davide Di Gennaro,0.0047858404103226
Davide Frattesi,0.0047902073714768
Davide Santon,0.0047969404604802
Davide Zappacosta,0.0124246402869091
Davie Selke,0.1009147729266087
Davinson Sánchez Mina,0.005130639720786
Davy Pröpper,0.0042284326029662
Dawid Kownacki,0.0173041844903243
Dayotchanculle Upamecano,0.0246213237733778
DeAndre Yedlin,0.0045645288913552
Dean Marney,0.0047902073714768
Declan Rice,0.0048083614247563
Dejan Lovren,0.0187655564583287
Demarai Gray,0.0051410128729902
Denis Cheryshev,0.0666521371711757
Denis Lemi Zakaria Lako Lado,0.0234473674976171
Denis Suárez Fernández,0.0047709394644473
Dennis Aogo,0.0052192665316473
Dennis Diekmeier,0.004240381221501
Dennis Geiger,0.0252565093978855
Dennis Praet,0.0042694408466081
Diafra Sakho,0.0259159238809161
Diego Alejandro Rolán Silva,0.0771544316692641
Diego Carlos Santos Silva,0.0214440723303926
Diego Demme,0.0045663743466268
Diego Falcinelli,0.0151734975456125
Diego González Polanco,0.0047902073714768
Diego Javier Llorente Ríos,0.0178198272751844
Diego Perotti,0.0702204063419536
Diego Rico Salguero,0.0241223151338814
Diego Roberto Godín Leal,0.0053242024423813
Diego Sebastián Laxalt Suárez,0.0251201495977715
Diego da Silva Costa,0.0706491130305238
Diego da Silva Farias,0.0189091567612487
Digbo G'nampa Habib Maïga,0.0223150256550799
Dimitri  Payet,0.0664976628946752
Dimitri Foulquier,0.0037648510701303
Dimitri Liénard,0.0497857970499897
Dimitrios Siovas,0.0160574635201397
Divock Okoth Origi,0.0406769398086582
Djené Dakonam Ortega,0.0119901893181978
Djibril Sidibé,0.0277041603779928
Domenico Berardi,0.037984973884024
Domenico Maietta,0.0047854028029895
Dominic Calvert-Lewin,0.0697028439175732
Dominic Solanke,0.0168050256408432
Dominik Kaiser,0.0047634841712212
Dominik Kohr,0.0146697190776715
Dominik Maroh,0.0047902073714768
Dominique Heintz,0.0127591126616519
Douglas  Costa de Souza,0.0631833818727653
Douglas Luiz Soares de Paulo,0.0047796411783589
Douglas dos Santos Justino de Melo,0.0152994576885795
Dries Mertens,0.1108032495768913
Duván Esteban Zapata Banguera,0.0911314003792519
Dušan Basta,0.0047162102028956
Dušan Tadić,0.0395921377994661
Dwight Gayle,0.0677690526734545
Dylan Bahamboula,0.0047773171827956
Dzenis Burnic,0.0045937190176968
Dídac Vilá Rosselló,0.0047579019594158
Ebenezer Ofori,0.0047902073714768
Eddie Nketiah,0.0047650157178137
Eden Hazard,0.101421956600443
Eder Citadin Martins,0.0429852781557572
Edgar Miguel Ié,0.0124588717621083
Edin Džeko,0.1003071511360125
Edinaldo Gomes Pereira,0.0047902073714768
Edinson Roberto Cavani Gómez,0.2352094407304875
Edoardo Goldaniga,0.023587504476108
Edson André Sitoe,0.0048572468481727
El-Hadji Baye Oumar Niasse,0.0941910106870567
Eliaquim Mangala,0.0047886127002937
Elio Capradossi,0.0047902073714768
Ellyes Skhiri,0.022706617961465
Elseid Gëzim Hysaj,0.0046114885319768
Emanuele Giaccherini,0.0047693668087879
Emerson Palmieri dos Santos,0.0047793207923505
Emil Forsberg,0.0057352264275029
Emil Hallfreðsson,0.0046749053790353
Emil Krafth,0.0047293621379001
Emiliano Adrián Insúa Zapata,0.0043127300408029
Emiliano Moretti,0.0048818431875752
Emiliano Sala,0.0881690668045358
Emmanuel Bourgaud,0.0047669111113688
Emmanuel Okyere Boateng,0.0454833244573071
Emmanuel Rivière,0.0579343234188145
Emre Can,0.0171901178470321
Emre Mor,0.0048102457097847
Emre Çolak,0.0121615150586851
Eneko Bóveda Altube,0.0047902073714768
Enes Ünal,0.0638451049582654
Enis Bardhi,0.0338583937096192
Enric Saborit Teixidor,0.00449851119523
Enrico Bearzotti,0.0047902073714768
Enrique García Martínez,0.0696843607458502
Enzo Crivelli,0.0420133027746442
Eric  Dier,0.0120238817545057
Eric Bertrand  Bailly,0.0277214879764309
Erick Antonio Pulgar Farfán,0.0250276252365864
Erick Cathriel Cabaco Almada,0.0044378203599238
Erik Pieters,0.0044324287942939
Ernest Seka,0.0048317514186645
Eros Schiavon,0.004755995995732
Ervin Zukanović,0.0049104402888102
Esteban Félix Granero Molina,0.0048462332808639
Esteban Rolón,0.0047355009093889
Etienne Capoue,0.0147869171536692
Eugen Polanski,0.0046586372085103
Everton Luiz Guimaraes Bilher,0.0043665656268264
Ezequiel Marcelo Garay,0.0049615738804372
Ezequiel Muñoz,0.0052918830547675
Ezequiel Ponce Martínez,0.0147848312014154
Fabian Delph,0.0168742873569822
Fabian Frei,0.0176665470346709
Fabian Lukas Schär,0.0358904358457187
Fabian Lustenberger,0.0048246100403243
Fabio Borini,0.0047234200111054
Fabio Depaoli,0.0047243657108657
Fabio Pisacane,0.004369861688458
Fabio Quagliarella,0.1280437481107748
Fabián Ruiz Peña,0.0231064315093674
Fabrizio Cacciatore,0.0227544810362847
Fabrizio Caligara,0.0047935949739341
Facundo Julián Píriz González,0.0046699213057683
Facundo Sebastián Roncaglia,0.004861887507901
Fallou Diagne,0.0194840637820572
Faouzi Ghoulam,0.0521771658356245
Farès Bahlouli,0.0255739880936172
Faustino Marcos Alberto Rojo,0.0153895355284134
Fayçal Fajr,0.0051683157994438
Federico Bernardeschi,0.0046894612396452
Federico Bonazzoli,0.0047641149449428
Federico Ceccherini,0.0112254469491139
Federico Chiesa,0.0302540100091389
Federico Fernández,0.014570722896385
Federico Julián Fazio,0.0058255495715085
Federico Mattiello,0.0039095820449127
Federico Nicolás Cartabia,0.0225377571772043
Federico Peluso,0.0133195068287931
Federico Ricca Rostagnol,0.0047115078332985
Federico Ricci,0.0046763191504953
Federico Santiago Valverde Dipetta,0.0046290910233338
Federico Viviani,0.0277924505465136
Felipe  Anderson Pereira Gomes,0.0625129323018576
Felipe Dias da Silva dal Belo,0.0045634646474826
Felipe Salvador Caicedo Corozo,0.0152527866613653
Felix Eboa Eboa,0.0166402134875098
Felix Klaus,0.0427794767289407
Ferland Mendy,0.004811100715552
Fernando José Torres Sanz,0.040165737597835
Fernando Llorente Torres,0.0048746766266217
Fernando Luiz Rosa,0.0377465856807531
Fernando Marçal de Oliveira,0.00481365436884
Fernando Navarro i Corbacho,0.004766133359884
Ferrán Torres García,0.0047788084087933
Filip Helander,0.0048497958273825
Filip Kostić,0.0043042843941579
Filip Đuričić,0.0047686084234074
Filipe Luis Kasmirski,0.0172523703902452
Filippo Costa,0.0044909856643331
Filippo Melegoni,0.0047902073714768
Filippo Romagna,0.0045670774757154
Firmin Ndombe Mubele,0.0375330690683545
Florent Balmont,0.0045929808374023
Florent Hadergjonaj,0.00461062564143
Florent Mollet,0.0670779910301883
Florian Grillitsch,0.0049701740444877
Florian Hübner,0.004826544560419
Florian Kainz,0.0459804067359362
Florian Lejeune,0.005412846560603
Florian Thauvin,0.1651635557309541
Florin Andone,0.0412235543541655
Fodé  Ballo Touré,0.0043365391544391
Fouad Chafik,0.0048583331847064
Francesc Aday Benítez Caraballo,0.0200143274115353
Francesc Fàbregas i Soler,0.0169021471688488
Francesco Acerbi,0.0050219745290689
Francesco Cassata,0.0046830940031525
Francesco Magnanelli,0.0044614912822059
Francesco Migliore,0.0047724238320395
Francesco Vicari,0.0044893300388212
Francesco Zampano,0.0048080878061106
Francis Coquelin,0.0172136271708713
Francisco Alcácer García,0.0047803787957429
Francisco Femenía Far,0.0045624332837455
Francisco Javier  García Fernández,0.0150914335332535
Francisco Javier Guerrero Martín,0.0233974970137084
Francisco José Molinero Calderón,0.0047852614583548
Francisco Portillo Soler,0.0171361098084969
Francisco Román Alarcón Suárez,0.0710375312497738
Franck Bilal Ribéry,0.0738120076146108
Franck Yannick Kessié,0.0382219398006412
Franco Damián Vázquez,0.0294230697498808
Franco Matías Di Santo,0.0227891152864423
Franco Zuculini,0.0047396784846092
François Bellugou,0.0050248369247666
François Kamano,0.0721690415967009
Frederik Hillesborg Sørensen,0.0252568988274134
Frédéric Guilbert,0.0129479179178199
Frédéric Sammaritano,0.004634831776048
Fábio Henrique Tavares,0.0510704569094592
Gabriel Alejandro Paletta,0.0047902073714768
Gabriel,0.0601736104480957
Gabriel Armando de Abreu,0.004759351214941
Gabriel Boschilia,0.0047500520787407
Gabriel Fernando de Jesus,0.1290867930260409
Gabriel Fernández Arenas,0.0046267011754066
Gabriel Iván Mercado,0.0125450969227132
Gabriel Moisés Antunes da Silva,0.0174289198423363
Gaetano Letizia,0.0223704470611349
Gaku Shibasaki,0.004861600368861
Gareth Barry,0.0216047949424902
Gareth Frank Bale,0.1724773873593365
Gareth McAuley,0.0161641857595006
Gary  Cahill,0.0051223799269201
Gastón Exequiel Ramírez Pereyra,0.0427091444196454
Gaël Kakuta,0.0406520273338932
Gaëtan  Laborde,0.0435929173921892
Gaëtan Bong Songo,0.004330781040771
Geoff Cameron,0.0048881228361981
Geoffrey Kondogbia,0.0287767145814197
George Alexandru Puşcaş,0.0047944317971523
Georges-Kevin N'Koudou Mbida,0.0047095783793887
Georginio Wijnaldum,0.0044270706705683
Gerard Deulofeu Lázaro,0.0458836906567373
Gerard Gumbau Garriga,0.0129144217052798
Gerard Moreno Balaguero,0.0987957662656089
Gerard Piqué Bernabéu,0.0261798019199977
Germán Alejandro Pezzella,0.0127611808972208
Gerrit Holtmann,0.0397985593603974
Gerson Santos da Silva,0.0048652020736756
Gerónimo Gastón Poblete,0.0043938524911243
Giacomo Bonaventura,0.0488589433115028
Giampaolo Pazzini,0.0419427098214872
Gian-Luca Itter,0.0047902073714768
Gian-Luca Waldschmidt,0.0252398737673106
Giancarlo González Castro,0.0048779361556268
Gianfilippo Felicioli,0.0048201008103733
Gianluca Caprari,0.0505859661176516
Gianluca Gaudino,0.0047808749430379
Gianluca Lapadula,0.0624091045570534
Gianluca Mancini,0.0122570435186986
Gianluca Scamacca,0.0047918147357179
Gianmarco Ferrari,0.0247395016774852
Gideon Jung,0.0045274197871746
Gil Bastião Dias,0.0236323522217539
Gilbert Gianelli Imbula Wanga,0.0186095330397639
Gilles Sunu,0.0048592319365026
Giorgio Chiellini,0.0092925851697232
Giovani Lo Celso,0.0359232438801656
Giovanni Crociata,0.0047804681960588
Giovanni Pablo Simeone,0.0725709101997158
Giovanni Volpicelli,0.004778095869195
Giovanni-Guy Yann Sio,0.0786167604041608
Giulio Donati,0.0043085230471791
Giuseppe Pezzella,0.0043186154192155
Glen Johnson,0.0047608524080879
Glenn Murray,0.0956838802020322
Gnégnéri Yaya Touré,0.0047752366471309
Godfred Donsah,0.0270792352535328
Gojko Kačar,0.004794241908315
Gonzalo Castro Irizábal,0.0437593857457245
Gonzalo Castro Randon,0.0048849605486762
Gonzalo Escalante,0.0167067833922753
Gonzalo Gerardo Higuaín,0.1202079651128683
Gonçalo Manuel Ganchinho Guedes,0.0416526328371584
Goran Pandev,0.0460944902277789
Gotoku Sakai,0.0046434828269685
Granit Xhaka,0.0149038340661203
Grzegorz Krychowiak,0.0142259972160119
Grégory Sertic,0.0048336320359566
Guessouma Fofana,0.004458765208055
Guido Burgstaller,0.0770877932560404
Guido Hernán Pizarro,0.0152755420782962
Guido Marcelo Carrillo,0.0288165183544975
Guilherme dos Santos Torres,0.0047618225835258
Guillermo Alfonso Maripán Loaysa,0.0049198598552375
Gustavo Daniel Cabral Cáceres,0.0114782736528699
Gustavo Raúl Gómez Portillo,0.0047902073714768
Guy Adolphe N'Gosso Massouma,0.0164680870200772
Gylfi Þór Sigurðsson,0.0539962506429337
Gélson da Conceição Tavares Fernandes,0.0045558514853207
Hakan Çalhanoğlu,0.0576397503284314
Hal Robson-Kanu,0.0499301512223514
Hamari Traoré,0.0048621940412788
Hamza Mendyl,0.0043462628309694
Hans Carl Ludwig Augustinsson,0.0129716120391297
Hans Hateboer,0.0046310198991769
Harisson Manzala,0.0268781461790336
Harry  Maguire,0.0303278741575816
Harry Arter,0.0164500205079694
Harry Kane,0.1937029746206827
Harry Winks,0.0045708044182718
Henrikh Mkhitaryan,0.0274652941442187
Hermes Aristóteles Romero,0.0048345059905267
Hernani Azevedo Júnior,0.0213163261773246
Hernán Arsenio Pérez González,0.0048038858035132
Heung-Min Son,0.1056207967740613
Hiroki Sakai,0.0049599762345417
Holger Badstuber,0.0239451598748921
Houssem Aouar,0.0181354963666742
Hrvoje Milić,0.0047902073714768
Hugo Mallo Novegil,0.0046604059460748
Hyun-Jun Suk,0.0559069306861547
Héctor Alfredo Moreno Herrera,0.0142844440820777
Héctor Bellerín Moruno,0.0201869268221632
Iago Aspas Juncal,0.091130149695689
Iago Falqué Silva,0.095335489690436
Ibai Gómez Pérez,0.0704244929720488
Ibrahim Afellay,0.0046707623211893
Ibrahim Amadou,0.0042922655956602
Ibrahim Sangaré,0.0141720201478057
Ibrahima Konaté,0.0049417320953974
Ibrahima M'baye,0.0046119710357132
Ibrahima Niane,0.0213862208961857
Idriss Saadi,0.040276796635286
Idrissa Gana Gueye,0.0225027245248603
Ignacio Gil de Pareja Vicent,0.0047818659486648
Ignacio Monreal Eraso,0.05615288094101
Ignacio Vidal Miralles,0.0047643295103396
Ignasi Miquel i Pons,0.0048981787872946
Ignazio Abate,0.012246558739764
Igor Lewczuk,0.0047912182826784
Igor Zubeldía Elorza,0.0050166686359448
Ihsan Sacko,0.0049209595482191
Imad Faraj,0.0048327936305094
Imanol Agirretxe Arruti,0.0049867438243901
Isaac Cofie,0.0048498522613164
Isaac Hayden,0.0143214500058091
Isaac Mbenza,0.0454762843991916
Ishak Belfodil,0.0585043068685394
Islam Slimani,0.004946075122182
Ismaël Tiémoko Diomandé,0.0045844793208291
Ismaël Traoré,0.0211619145596262
Ismaïla Sarr,0.0424891845272473
Issa Cissokho,0.0045262536119038
Issa Diop,0.0266247934509921
Issiaga Sylla,0.0111361288914123
Ivan Perišić,0.0849124085572189
Ivan Radovanović,0.0131038692650932
Ivan Rakitić,0.0054704307966751
Ivan Santini,0.0911962894565639
Ivan Strinić,0.0044497310920146
Iván Alejo Peralta,0.0042199681370498
Iván Balliu Campeny,0.0042096255953288
Iván López Álvarez,0.0317098377851877
Iñaki Williams Arthuer,0.0487670825444674
Iñigo Córdoba Kerejeta,0.0109962883867282
Ja-Cheol Koo,0.0158390337016005
Jack Cork,0.0209834956387837
Jack Simpson,0.0047902073714768
Jack Stephens,0.034095771521438
Jack Wilshere,0.0172206543808182
Jacob Murphy,0.0047712621654976
Jacopo Sala,0.0044800812931671
Jacques François Moubandje,0.0046629890743414
Jagoš Vuković,0.0228034419043014
Jairo Samperio Bustara,0.0047257864237936
Jake Livermore,0.0190055819980136
Jakub Jankto,0.034285997790301
Jamal Lascelles,0.0289871179682676
James  Tarkowski,0.0057066554689904
James  Ward-Prowse,0.0120356407454936
James David Rodríguez Rubio,0.0467502197230351
James McArthur,0.0425411400562649
James McClean,0.010893720329826
James Michael Collins,0.0285424214105645
James Milner,0.0047146776490466
James Tomkins,0.03234165541575
Jamie Vardy,0.1329848884986989
Jan Morávek,0.0046488779684413
Jan Repas,0.0047783947135636
Jan Vertonghen,0.0130186082174494
Jann-Fiete Arp,0.0403662115049752
Jannik Vestergaard,0.0237432908577126
Jaroslav Plašil,0.004742915287355
Jason Puncheon,0.0047593868818917
Jaume Vicent Costa Jordá,0.0046995608357689
Javi Castellano Betancor,0.004925992559674
Javier  López Rodríguez,0.004579181609452
Javier Alejandro Mascherano,0.0050235444997249
Javier Eraso Goñi,0.0208568878872484
Javier Fuego Martínez,0.0046512106281773
Javier Hernández Balcázar,0.0830767158694374
Javier Manquillo Gaitán,0.0047902073714768
Javier Martínez Aginaga,0.016040153167168
Jay Rodriguez,0.0488919886939956
Jaïro Riedewald,0.0047891666802421
Jean Eudès Aholou,0.0475809347349305
Jean Michaël Seri,0.0214873647001657
Jean-Claude Billong,0.0047559219271772
Jean-Eric Maxim Choupo-Moting,0.0664878288719538
Jean-Kévin Augustin,0.0592493723619275
Jean-Philippe Gbamin,0.0221308205568515
Jean-Victor Makengo,0.0047720955117814
Jeff Hendrick,0.0265123680210775
Jefferson Andrés Lerma Solís,0.005818663140874
Jeffrey  Schlupp,0.0041634118466329
Jeffrey Gouweleeuw,0.0048231780292315
Jeison Fabián Murillo Cerón,0.0053311277423626
Jemerson de Jesus Nascimento,0.0205987349172827
Jens Stryger Larsen,0.0191353332744573
Jeremy Blayac,0.0049092508167719
Jermain  Defoe,0.0459591442566918
Jerome Sinclair,0.0047937738753235
Jesse Lingard,0.0602868119633225
Jessy Deminguet,0.0047804021356504
Jesús Joaquín Fernández Sáez de la Torre,0.0534805385695089
Jesús Navas González,0.0158531899416641
Jetro Willems,0.005761422243742
Jhon Andrés Córdoba Copete,0.0053371230720486
Jimmy Briand,0.0936087999081265
Jimmy Durmaz,0.0047779506636564
Jimmy Giraudon,0.0048108143567576
Joachim Andersen,0.0047902073714768
Joan Jordán Moreno,0.0535591579826446
Joaquín,0.0045833302341043
Joe Allen,0.0129348076798232
Joe Gomez,0.0046969166676042
Joel Chukwuma Obi,0.050020659384876
Joel Nathaniel Campbell Samuels,0.0047385988015674
Joel Pohjanpalo,0.0173026511831789
Joel Ward,0.0044744012108364
Johan Andrés Mojica Palacio,0.0044064521079387
Jóhann Berg Guðmundsson,0.0272544181037234
Johann Obiang,0.0047948166701711
Johannes Eggestein,0.0048435263733655
Johannes Geis,0.0046911405003569
John Guidetti,0.0188036202248948
John Stones,0.0190274128111233
Jon Bautista Orgilles,0.0048560184124275
Jonas Hector,0.0287266660103424
Jonas Martin,0.0448759083267937
Jonathan  Walters,0.0047638818343821
Jonathan Bamba,0.0550997233362342
Jonathan Calleri,0.0616564945710678
Jonathan Castro Otto,0.0225398227795081
Jonathan Cristian Silva,0.0047902073714768
Jonathan Delaplace,0.0047703519025783
Jonathan Hogg,0.0042396278705861
Jonathan Martins-Pereira,0.0043795235741264
Jonathan Rivierez,0.0041258204812186
Jonathan Schmid,0.0055864836992317
Jonathan Tah,0.005415191653986
Jonathan Viera Ramos,0.0383901529973529
Jonjo Shelvey,0.0142043890759654
Jonjoe Kenny,0.0045911303770574
Jonny Evans,0.0175093923254821
Jonás  Ramalho Chimeno,0.0047388111840361
Jordan Amavi,0.0044239468312812
Jordan Ayew,0.0694422502043886
Jordan Brian Henderson,0.0109400983778996
Jordan Ferri,0.0046733768575204
Jordan Ikoko,0.0044260930699464
Jordan Marié,0.0129095541096005
Jordan Torunarigha,0.0047529572378284
Jordan Veretout,0.0837744881584255
Jordan Zacharie Lukaku Menama Mokelenge,0.0129063438293575
Jordi Alba Ramos,0.0109257056909244
Jordi Amat Maas,0.0050186475074592
Jordon  Ibe,0.0247905393760007
Jorge Andújar Moreno,0.0252005625567254
Jorge Luiz Frello Filho,0.0198944111706554
Jorge,0.0158485310949586
Jorge Meré Pérez,0.0173497020314245
Jorge Molina Vidal,0.06580883472939
Jorge Resurrección Merodio,0.0176850415343827
Joris Gnagnon,0.0301036423623511
Joseba Zaldúa Bengoetxea,0.01302040094213
Joseph Alfred Duncan,0.0039875127885929
Josh Cullen,0.004806548781904
Joshua Kimmich,0.0138482924206982
Joshua King,0.0759294742342404
Josip Drmic,0.0325005665672499
Josip Iličić,0.1041366119458948
Josuha Guilavogui,0.0347801249754533
José Andrés Guardado Hernández,0.0154612464527174
José Heriberto Izquierdo Mena,0.0429262816948805
José Holebas,0.0057035753505377
José Leonardo Ulloa,0.0049503436535528
José Luis Gayá Peña,0.004402918265226
José Luis Morales Nogales,0.0659491922939353
José Luis Palomino,0.0047478930986645
José Luis Sanmartín Mato,0.0480043224549024
José Manuel García Naranjo,0.0047328285595501
José Manuel Rodríguez Benito,0.0165764524693931
José Martín Cáceres Silva,0.0237388686437719
José María Callejón Bueno,0.0699325106807332
José María Giménez de Vargas,0.0196836819042385
José Mauri,0.0047902073714768
José Paulo Bezzera Maciel Júnior,0.0531279537521637
José Salomón Rondón Giménez,0.0541082477899237
José Vicente Gómez Umpiérrez,0.0047303031690903
José Ángel Gómez Campaña,0.014874710821707
José Ángel Valdés Díaz,0.0042666425957633
Jozabed Sánchez Ruiz,0.0045493548832656
João Filipe Iria Santos Moutinho,0.012573229744174
João Miranda de Souza Filho,0.0050840395948568
João Mário,0.0176856939937237
João Pedro Cavaco Cancelo,0.0167033651877508
João Pedro,0.0948931692088273
Joël Andre Job Matip,0.0185086715275592
Juan Bernat Velasco,0.0050530621332477
Juan Francisco Moreno Fuertes,0.0041577337843716
Juan Francisco Torres Belén,0.0044727164429352
Juan Guilherme Nunes Jesus,0.0047301234030092
Juan Guillermo Cuadrado Bello,0.0704689953781773
Juan Manuel Mata García,0.0282297816133055
Juan Marcos Foyth,0.0047902073714768
Juan Miguel Jiménez López,0.025326586354158
Juan Pedro Ramírez López,0.0479745817057981
Juan Torres Ruiz,0.029914290263351
Jules Iloki,0.0047742145553569
Jules Koundé,0.0328597657137621
Julian Baumgartlinger,0.0133736625201273
Julian Brandt,0.1177852734906261
Julian Draxler,0.0467508281027584
Julian Korb,0.013325785915574
Julian Palmieri,0.0044573231279719
Julian Schuster,0.0055523998716674
Julian Weigl,0.0117236186327088
Julien Féret,0.0056261687159779
Julien Ielsch,0.0046908703517062
Jérémy Cordoval,0.0047461655487692
Jérémy Gelin,0.0047458092211528
Jérémy Grimm,0.0134301003607096
Jérémy Morel,0.0050622068847112
Jérémy Pied,0.0047902073714768
Jérémy Sorbon,0.0046594435203381
Jérémy Toulalan,0.0046953470596955
Jérôme Boateng,0.0276150987813459
Jérôme Gondorf,0.0046815600100003
Jérôme Roussillon,0.0382061628298202
Júlio Tavares,0.1208382245006275
Júnior Osmar Ignacio  Alonso Mujica,0.0211248767885728
Kai Havertz,0.0417870444550167
Kalidou Koulibaly,0.0451549051589941
Kamil Glik,0.0227438842634017
Karim Azamoum,0.0049982596499028
Karim Bellarabi,0.0047506302236978
Karim Benzema,0.040931624943942
Karim Rekik,0.0267578409316119
Karl Toko Ekambi,0.132486018516345
Karol Linetty,0.0230951712027795
Keagan Dolly,0.0048408552858256
Kelechi Promise Iheanacho,0.0047403735374899
Kelvin Amian Adou,0.0183420198531818
Kenan Karaman,0.00489651102655
Kenny Lala,0.0469549967623813
Kenny Tete,0.010779240019219
Kevin Akpoguma,0.0050614712765883
Kevin Bonifazi,0.0047902073714768
Kevin Danso,0.0469421000965185
Kevin De Bruyne,0.0587035690596991
Kevin Gameiro,0.0510933788062556
Kevin Kampl,0.0054207098616076
Kevin Lasagna,0.1242550589174109
Kevin Long,0.0130031147362148
Kevin N'Doram,0.0047815774571428
Kevin Strootman,0.0151323917162924
Kevin Vogt,0.004688153513404
Kevin Volland,0.1406251640786569
Kevin Wimmer,0.0046735028008663
Kevin-Prince Boateng,0.0542152975007544
Khouma El Hadji Babacar,0.0461447009551666
Kieran  Gibbs,0.0047343505536844
Kieran Trippier,0.0096524815047382
Kingsley Coman,0.0579784233310734
Konrad Laimer,0.0044573089462457
Konstantinos Manolas,0.0244841329286066
Konstantinos Mitroglou,0.1006179276484472
Kouadio Yves Dabila,0.0047859206149521
Kristiano Samuel Armenteros Nunez Mendoza Jansson,0.0048105296349286
Kurt Happy Zouma,0.0048813772990239
Kwadwo Asamoah,0.0045526384757875
Kyle Bartley,0.0047927905728057
Kyle Naughton,0.004243690168164
Kyle Walker,0.0051060674665511
Kyle Walker-Peters,0.0047902073714768
Kylian Mbappé Lottin,0.133054526318289
Kyriakos Papadopoulos,0.0160741902248848
Kévin Malcuit,0.003802589026668
Kévin Manuel Rodrigues,0.0039996694138526
Kévin Théophile Catherine,0.0045132404136411
Lacina Traoré,0.0064191138104835
Ladislav Krejčí,0.0047774439559513
Landry Nany Dimata,0.0048455558561025
Lars Bender,0.0047196376522969
Lars Stindl,0.0379917766834144
Lassana Coulibaly,0.0045991978435212
Laurent Depoitre,0.0539670847159123
Laurent Koscielny,0.0195759842264717
Layvin Kurzawa,0.0295233223210661
Leandro Castán da Silva,0.0045915696841756
Leandro Daniel Cabrera Sasía,0.0047779226672797
Lebo Mothiba,0.1086974211519917
Lebogang Phiri,0.0047542773523034
Ledian Memushaj,0.0045322794390973
Leighton Baines,0.0169618244048485
Leon  Goretzka,0.0357894478199208
Leon-Aderemi Balogun,0.0048484669063248
Leonardo Bittencourt,0.0749776089862991
Leonardo Bonucci,0.0264452376294113
Leonardo Capezzi,0.0047681740866431
Leonardo Carrilho Baptistão,0.0225917427676531
Leonardo Pavoletti,0.1047002114068352
Leonardo Spinazzola,0.0037504218997532
Leroy Fer,0.0259150325289811
Leroy Sané,0.0803137608995962
Levin Mete Öztunali,0.0050692996946724
Lewis Cook,0.0045684140679339
Lewis Dunk,0.0116617913626606
Lewis Harry Holtby,0.0950618384363883
Lionel Andrés Messi Cuccittini,0.235555622697561
Lisandro Ezequiel López,0.0047902073714768
Lorenzo Crisetig,0.0047163920535544
Lorenzo De Silvestri,0.0404636276074666
Lorenzo Del Pinto,0.004638858263935
Lorenzo Insigne,0.0581856200097746
Lorenzo Jesús Morón García,0.1176201513167281
Lorenzo Pellegrini,0.0284123003420052
Lorenzo Tonelli,0.0048954076431681
Lorenzo Venuti,0.0044028988902419
Loïc Perrin,0.0051827589215105
Loïc Puyo,0.0046904927669606
Loïs Diony,0.0047320737633167
Luca Antonelli,0.0047709457570916
Luca Caldirola,0.0047902073714768
Luca Ceppitelli,0.0375469254339625
Luca Cigarini,0.0245267640013335
Luca Garritano,0.004843196996655
Luca Mazzitelli,0.0047378646747191
Luca Mora,0.0048873996082135
Luca Rigoni,0.0238338885591786
Luca Rossettini,0.0049572774592386
Luca Vido,0.0047902073714768
Lucas  Hernández Pi,0.0045062201463563
Lucas  Nahuel Castro,0.0354345818007092
Lucas  Pezzini Leiva,0.0216646206759718
Lucas Ariel Boyé,0.0045089134904106
Lucas Ariel Ocampos,0.0578529338568856
Lucas Deaux,0.0341543235495234
Lucas Digne,0.0047588915240276
Lucas Nicolás Alario,0.1230205566172493
Lucas Pedro Alves De Lima,0.0210562102416898
Lucas Pérez Martínez,0.0678289973586006
Lucas Rodrigo Biglia,0.013759128604958
Lucas Rodrigues Moura da Silva,0.0047902073714768
Lucas Torreira Di Pascua,0.0264022465840724
Lucas Tousart,0.0049230992807778
Lucas Vázquez Iglesias,0.0140223113734703
Luciano Narsingh,0.0048532224872722
Luciano Vietto,0.0238511087571088
Ludovic Baal,0.0046345006403532
Ludovic Blas,0.0245596657427517
Luis Alberto,0.0708304379977647
Luis Alberto Suárez Díaz,0.1850206176921843
Luis Antonio Valencia Mosquera,0.0293625608214187
Luis Carlos Correia Pinto,0.0130443807981087
Luis Fernando Muriel Fruto,0.0463452383151146
Luis Hernández Rodríguez,0.0049583049966327
Luiz Felipe Ramos Marchi,0.0047706956405339
Luiz Gustavo Dias,0.0382987295763135
Luiz de Araújo Guimarães Neto,0.0660647616164644
Luka Jović,0.0670272162769213
Luka Milivojević,0.0766133097491961
Luka Modrić,0.0297807684648783
Lukas Klostermann,0.0190315315885585
Lukas Klünter,0.003954511001553
Lukas Kübler,0.0047792947708447
Lukas Lerager,0.0256389612034361
Luís Carlos Almeida da Cunha,0.0565737844312562
Lys Mousset,0.0047104896365577
Léo Dubois,0.0217820094081642
M'Baye Babacar Niang,0.0620341254609371
Makoto Hasebe,0.0046958092631808
Malang Sarr,0.0047648463548773
Malcom Filipe Silva de Oliveira,0.0933905242469364
Mamadou Sakho,0.0188391005963799
Mame Biram Diouf,0.0973828840809399
Manolo Gabbiadini,0.0385593802273646
Manuel Agudo Durán,0.0359460003731131
Manuel Alejandro García Sánchez,0.0223240053982498
Manuel De Luca,0.0047902073714768
Manuel Gulde,0.0206856843024103
Manuel Lanzini,0.0498226806233004
Manuel Lazzari,0.0191389701145434
Manuel Locatelli,0.0047812910789372
Manuel Pucciarelli,0.0223667418296318
Manuel Rolando Iturra Urrutia,0.0045525773487978
Manuel Schmiedebach,0.0047009959507909
Manuel Trigueros Muñoz,0.0278988601634847
Marc Albrighton,0.0238019695033991
Marc Bartra Aregall,0.020297631858537
Marc Muniesa Martínez,0.0048029598166403
Marc Navarro Ceciliano,0.012759858516975
Marc Pugh,0.0046262195678396
Marc Roca Junqué,0.0048271307323321
Marc-Oliver Kempf,0.0050105101567489
Marcel Büchel,0.0049005623578841
Marcel Halstenberg,0.0435123088335958
Marcel Heller,0.0044001720671044
Marcel Risse,0.02493417707769
Marcel Sabitzer,0.0452373736355378
Marcel Schmelzer,0.0048554998483238
Marcello Gazzola,0.0047902073714768
Marcello Trotta,0.0571674577116872
Marcelo Antônio Guedes Filho,0.0269573642799468
Marcelo Brozović,0.0325141057694981
Marcelo Vieira da Silva Júnior,0.0130351663835569
Marcin Kamiński,0.0050183223724997
Marco Andreolli,0.0048536901056847
Marco Asensio Willemsen,0.0647629640612189
Marco Benassi,0.0411609028392415
Marco Capuano,0.0047261823198899
Marco D'Alessandro,0.0041925775898753
Marco Davide Faraoni,0.016220405459097
Marco Ezio Fossati,0.0047426716078492
Marco Friedl,0.0047814806414114
Marco Höger,0.0047915909869119
Marco Parolo,0.0321933533819561
Marco Russ,0.0156925408479978
Marco Sau,0.0146615090414514
Marco Tumminello,0.0255716025213202
Marco Verratti,0.0042376203056659
Marcos  Alonso Mendoza,0.0444188387989355
Marcos  Aoás Corrêa ,0.0049692075641113
Marcos Llorente Moreno,0.0049002046882597
Marcos Paulo Mesquita Lopes,0.1084396966506592
Marcus Christer Rohdén,0.0046517348579126
Marcus Rashford,0.0404302502285974
Marcus Thuram,0.0317789330472517
Marek Hamšík,0.0541483265063066
Mariano Díaz Mejía,0.1370228301166555
Mariano Julio Izco,0.0047392088609928
Mario  Barwuah Balotelli,0.1388204305552352
Mario Gaspar Pérez Martínez,0.0210970774614928
Mario Gómez García,0.0970213711595753
Mario Götze,0.0047778958222338
Mario Hermoso Canseco,0.0162675272984357
Mario Lemina,0.0175595650903202
Mario Mandžukić,0.05126308367038
Mario Sampirisi,0.0042116498643094
Marius Wolf,0.0443107966954267
Mariusz Stępiński,0.0288915797219991
Mark Noble,0.0297963111273356
Mark Uth,0.0875987728671088
Markel Bergara Larrañaga,0.0712275489283291
Markel Susaeta Laskurain,0.0413966135954515
Marko Arnautović,0.135443588349242
Marko Pjaca,0.0048416874495329
Marko Rog ,0.0048048107633861
Markus Suttner,0.0047721701237381
Marlon,0.0052207812541461
Marouane Fellaini-Bakkioui,0.0258949533047077
Marten de Roon,0.0048859614477195
Martin Braithwaite,0.0957407547283792
Martin Cranie,0.0047902073714768
Martin Harnik,0.0715220530049822
Martin Hinteregger,0.004876372334437
Martin Kelly,0.0051014054749465
Martin Olsson,0.0043881970951825
Martin Terrier,0.0468261897963936
Martín Aguirregabiria Padilla,0.0038923381687799
Martín Montoya Torralbo,0.0045490165230743
Marvin  Zeegelaar,0.0043555853850991
Marvin Bakalorz,0.0044277906607538
Marvin Plattenhardt,0.0055685696245327
Mason Holgate,0.004810576533571
Massimo Coda,0.0382026367584049
Massimo Gobbi,0.004509102806317
Mateo Kovačić,0.0046196226616332
Mateo Pablo Musacchio,0.0047836138677049
Mateo Pavlović,0.0271315440905658
Mathew Leckie,0.0579444445209653
Mathias Jattah-Njie Jørgensen,0.0050791694156616
Mathieu Debuchy,0.0590770388488746
Mathieu Deplagne,0.0047708876750282
Mathieu Dossevi,0.0054995000154657
Matias Ezequiel Schelotto,0.0047554613441253
Matija Nastasić,0.0049586789667493
Mats  Hummels,0.0122640771012071
Matt Phillips,0.0053111475596825
Matt Ritchie,0.0322705248155679
Matteo Darmian,0.0047522814995657
Matteo Politano,0.0912165477220152
Matthew Lowton,0.00418733715052
Matthias Ginter,0.0219118165865009
Matthias Lehmann,0.0045241358005456
Matthias Ostrzolek,0.0042340455201402
Mattia Bani,0.0047902073714768
Mattia Caldara,0.0244917392720769
Mattia De Sciglio,0.0047902073714768
Mattia Destro,0.04625623490764
Mattia Valoti,0.0429247568359608
Mattia Vitale,0.0047896782195794
Matías Agustín Silvestre,0.0130193383035205
Matías Vecino Falero,0.0253289416094016
Mauricio Lemos Merladet,0.0134274657125185
Mauro Emanuel Icardi Rivero ,0.2188455804400511
Mauro Javier Dos Santos,0.0048093125032942
Mauro Wilney Arambarri Rosa,0.0043921609110601
Max  Meyer,0.0044053239328177
Max Kruse,0.0649484037810976
Max-Alain Gradel,0.0689025883098058
Maxime Gonalons,0.0051908754869756
Maxime Le Marchand,0.0047746711765728
Maxime Lopez,0.0048441016078912
Maxime Poundjé,0.0042072188917282
Maximilian Arnold,0.0049322695341224
Maximilian Eggestein,0.0198497784135538
Maximiliano Gastón López,0.0162765077323555
Maximiliano Gómez González,0.1033944373738258
Maximiliano Martín Olivera De Andrea,0.0047902073714768
Maya Yoshida,0.0180243666646962
Medhi Amine El Mouttaqi Benatia,0.0119804274174723
Mehdi Abeid,0.004392589825515
Mehdi Jean Tahrat,0.0047569230395503
Mehdi Lacen,0.0043531555235076
Mehdi Pascal Marcel Léris,0.0047885285162312
Memphis Depay,0.0725565251936188
Mesut Özil,0.0446060780378837
Michael Gregoritsch,0.1002546262089238
Michael Keane,0.0060809978543654
Michael Krohn-Dehli,0.0046505485293483
Michael Olunga,0.0049120362067598
Michail Antonio,0.0402866823774108
Michele Cremonesi,0.0047902073714768
Michy Batshuayi Tunga,0.068515665972231
Mickaël Cuisance,0.0046635428637087
Miguel Arturo Layún Prado,0.025148310993961
Miguel Luís Pinto Veloso,0.0046816573273474
Miguel Ángel Guerrero Martín,0.0409731083703306
Miguel Ângelo da Silva Rocha,0.0497683859636952
Mijat Gaćinović,0.0047517541684397
Mike van der Hoorn,0.0107937138088411
Mikel Balenziaga Oruesagasti,0.0042659340580789
Mikel Merino Zazón,0.0165520748885994
Mikel Oyarzabal Ugarte,0.0545724157385898
Mikel Rico Moreno,0.0044809071722829
Mikel San José Domínguez,0.0129948257657357
Mikel Vesga Arruti,0.0050198242356692
Milan Badelj,0.0259462283580228
Milan Škriniar,0.0299743244999954
Milos Veljkovic,0.0146792835832953
Miralem Pjanić,0.0443574106738732
Mirco Antenucci,0.0982421352407667
Mirko Antonucci,0.004838636113107
Mirko Valdifiori,0.0048831625448999
Mitchell Weiser,0.0186867565728868
Mohamed  Salah Ghaly,0.2327126623563628
Mohamed Diamé,0.0226074152179758
Mohamed Naser Elsayed Elneny,0.0047017377016497
Mohamed Salim Fares,0.0042196777123768
Morgan Sanson,0.0707872609980444
Morgan Schneiderlin,0.0046135967225364
Moritz Bauer,0.0048221085867043
Mouctar Diakhaby,0.0047833861408586
Moussa Diaby,0.0047970601158009
Moussa Konaté,0.1050381190065941
Moussa Niakhaté,0.0048020550400528
Moussa Sidi Yaya Dembélé,0.0046107582103567
Moussa Sissoko,0.0047868862125652
Moustapha Elhadji Diallo,0.0346539012577797
Mubarak Wakaso,0.0048184806923789
Munir El Haddadi Mohamed,0.0910746172828129
Myziane Maolida,0.0047385443808849
Márcio Rafael Ferreira de Souza,0.0052389889694538
Mário Rui Silva Duarte,0.0148995802850436
Mërgim Mavraj,0.0056105349450462
Míchel Macedo Rocha Machado,0.0048522697899951
N'Golo Kanté,0.0116554382712329
Nabil Bentaleb,0.0217665703427175
Nabil El Zhar,0.0253024410514021
Nabil Fekir,0.134243924571287
Naby Deco Keïta,0.0269730492870491
Nadiem Amiri,0.0269825632442159
Nahki Wells,0.0048565823438772
Nampalys Mendy,0.0045979366664759
Nathan Aké,0.013174469232842
Nathan Dyer,0.0043835627929728
Nathan Redmond,0.0046589185082908
Naïm Sliti,0.0553061161196796
Nemanja Maksimović,0.0048989967829138
Nemanja Matić,0.0159651268055343
Nemanja Radoja,0.0048001386804273
Nenad Tomović,0.0048492730695662
Neymar da Silva Santos Junior,0.2726455916327911
Niccolò Giannetti,0.0048231016154795
Niccolò Zanellato,0.0047902073714768
Nicholas Pierini,0.0047899725646845
Niclas Füllkrug,0.1254559397836025
Nico Elvedi,0.0117497454742063
Nico Schulz,0.0143673209446584
Nicola Murru,0.0044879522998819
Nicola Rigoni,0.004758962812092
Nicolas Benezet,0.0742298148276738
Nicolas Haas,0.0047849084475942
Nicolas Höfler,0.0217540678769919
Nicolas Louis Marcel Cozza,0.0047902073714768
Nicolas N'Koulou,0.0191981473703422
Nicolas Pallois,0.0040902159103748
Nicolas Pépé,0.1186089123045964
Nicolas de Roussel de Préville,0.0668762723262406
Nicolás Andrés Burdisso,0.0050551490886139
Nicolás Federico Spolli,0.0051775434948835
Nicolás Hernán Otamendi,0.0401062766854391
Nicolò Barella,0.0487585066962511
Nigel de Jong,0.0048178661677281
Niklas Moisander,0.025588545733381
Niklas Stark,0.0051397699251161
Niklas Süle,0.0231493559407566
Nikola Kalinić,0.0696996545894159
Nikola Maksimović,0.0047902073714768
Nikola Milenković,0.0047902073714768
Nils Petersen,0.1399656195636718
Nolan Roux,0.1233292956690116
Nordi Mukiele Mulere,0.0046162853636163
Nordin Amrabat,0.0375460946092712
Nuno Miguel da Costa Jóia,0.0048030460839903
Nuri Şahin,0.0049358367937438
Nélson Cabral Semedo,0.0043221874191915
Oghenekaro Etebo,0.0044420790731321
Ohis Felix Uduokhai,0.0222579025392737
Ola Toivonen,0.0055535735221889
Ole Kristian Selnæs,0.0046958940785036
Oleksandr Zinchenko,0.0048522335702441
Oliver Burke,0.0046759539674476
Oliver Sorg,0.0043128747341536
Olivier Giroud,0.0371586526528848
Ondrej Duda,0.0048916700822308
Onyinye Wilfred Ndidi,0.0048957156280226
Orel Mangala,0.0046238222062593
Oriol Romeu Vidal,0.0124154464115393
Orji Okwonkwo,0.0429366941235017
Oscar Wendt,0.0157073660955931
Oswaldo Augusto Vizcarrondo Araújo,0.0049915244144763
Otávio Henrique Passos Santos,0.0045941141152611
Oualid El Hajjam,0.0094106929641743
Ousmane Dembélé,0.0519870209450747
Oussama Haddadi,0.0043741523412146
Oussama Tannane,0.0049615485121289
Pablo Daniel Piatti,0.0201123321488922
Pablo Ezequiel De Blasis,0.0273142964633292
Pablo Fornals Malla,0.0294029057099527
Pablo Javier Zabaleta Girod,0.0046569136730914
Pablo Maffeo Becerra,0.0047556256517604
Pablo Martinez,0.0050264008117747
Pablo,0.0051714893096252
Pablo Sarabia García,0.0639327416999293
Paolo Cannavaro,0.0044731623722352
Paolo Pancrazio Faragò,0.0209417136652608
Papakouli Diop,0.005026265777516
Pape  N'Diaye Souaré,0.0047902073714768
Papiss Mison Djilobodji,0.0046357337667532
Pascal Groß,0.0583256898599523
Pascal Stenzel,0.0151182854141419
Pasquale Schiattarella,0.0124396146613702
Patrice Evra,0.0049694965977832
Patric,0.0047808111505101
Patrick  van Aanholt,0.0632657667751293
Patrick Burner,0.0047842038728278
Patrick Cutrone,0.0519535547009042
Patrik Schick,0.0048788430773039
Pau Francisco Torres,0.004765598018275
Paul Baysse,0.0129207940622553
Paul Lasne,0.0143707485589321
Paul Pogba,0.0425417094959313
Paul Verhaegh,0.0204082456624563
Paul-Georges Ntep de Madiba,0.0042462051913826
Paulo André Rodrigues de Oliveira,0.0054740049070695
Paulo Bruno Exequiel Dybala,0.1819939911522728
Paulo Henrique Chagas de Lima,0.049856564181795
Pavel Kadeřábek,0.0218986209027098
Paweł Bochniewicz,0.0047902073714768
Paweł Jaroszyński,0.0047670624417227
Pedro  Mba Obiang Avomo,0.0152688161571588
Pedro Bigas Rigo,0.0046605490066272
Pedro,0.0221966417809831
Pedro Filipe Teodósio Mendes,0.0124355891763334
Pedro León Sánchez Gil,0.0062055226631919
Pedro Lomba Neto,0.0047902073714768
Pedro López Muñoz,0.004568341934258
Pedro Miguel Braga Rebocho,0.0047395091105092
Pedro Mosquera Parada,0.0046353401228779
Pedro Pablo Hernández,0.0407784846270981
Pedro Tanausú Domínguez Placeres,0.0048689813176975
Per Ciljan Skjelbred,0.0046127487510101
Per Mertesacker,0.0182333866435928
Pere Pons Riera,0.0042329812285015
Perparim Hetemaj,0.028665967559633
Petar Brlek,0.0048082478874394
Peter Crouch,0.0556812025794197
Peter Pekarík,0.0047156915349624
Phil Bardsley,0.0048309260996489
Phil Jagielka,0.0053959858806328
Phil Jones,0.0051286934791488
Philipp Bargfrede,0.0046909219310143
Philipp Max,0.021035766158683
Philippe Coutinho Correia,0.140221853582266
Pierre-Emerick Aubameyang,0.2201819554788942
Pierre-Emile Højbjerg,0.0045065616434502
Pietro Iemmello,0.0253922461632039
Pietro Pellegri,0.0048550203757668
Pione Sisto Ifolo Emirmija,0.0310156063664715
Piotr Zieliński,0.0191029421288691
Pirmin Schwegler,0.005980314932129
Pol Mikel Lirola Kosok,0.0039703092513186
Presnel Kimpembe,0.0049812755290663
Prince Oniangué,0.0252840657607795
Prince-Désir Gouano,0.0052783241149224
Préjuce Niguimbé Nakoulma,0.0487583935499076
Rachid Ghezzal,0.0286023110790487
Radamel Falcao García Zárate,0.1403039195768351
Radja Nainggolan,0.0329829451452955
Rafael Jesús Navarro Mazuelos,0.0047902073714768
Rafael,0.015123708101397
Rafael Tolói,0.0126975440081725
Raffael,0.0593425915706066
Rafik Zekhnini,0.0048115885033157
Ragnar Klavan,0.0136370725791892
Raheem Shaquille Sterling,0.1112791636770138
Rajiv van La Parra,0.0315749515068036
Ramadan Sobhi,0.0045180636516591
Ramiro Guerra Pereyra,0.0046797208192831
Ramy Bensebaini,0.0047137794133624
Rani Khedira,0.0051788766564641
Raphaël Adelino José Guerreiro,0.0222979848975735
Raphaël Varane,0.0127793435755517
Raúl Albentosa Redal,0.0187446389076397
Raúl Albiol Tortajada,0.0232408614720928
Raúl García Carnero,0.0045812349407352
Raúl García Escudero,0.1119882166719067
Raúl Rodríguez Navas,0.0049536938055436
Reece Oxford,0.0048255428332725
Remo Freuler,0.0486397347264142
Renaud Cohade,0.0148292253082531
Rene Krhin,0.0049678820572127
Rhu-endly Martina,0.0048011942480656
Ricardo Gabriel Álvarez,0.0151486697231245
Ricardo Iván Rodríguez Araya,0.0111047278587413
Riccardo Meggiorini,0.0050387297397506
Riccardo Montolivo,0.0046000169904837
Riccardo Orsolini,0.004787236599942
Riccardo Saponara,0.0049158635599092
Richarlison de Andrade,0.0468970172712611
Rick van Drongelen,0.0047103341560635
Riechedly Bazoer,0.0046878917548063
Rijad Bajić,0.0048360796850863
Riyad Mahrez,0.088192521717395
Riza Durmisi,0.015838431908429
Robert Bauer,0.0047931342222952
Robert Berič,0.1401127157795569
Robert Lewandowski,0.2034191794410271
Roberto Firmino Barbosa de Oliveira,0.103002043126164
Roberto Gagliardini,0.0050146062459176
Roberto Inglese,0.0995326354666075
Roberto José Rosales Altuve,0.0118914103312672
Roberto Román Triguero,0.0047771515313512
Roberto Suárez Pier,0.0046806080398315
Robin Gosens,0.0107147357239924
Robin Knoche,0.0053798302528423
Robin Koch,0.0230129216743139
Robin Quaison,0.0712629046001376
Rodrigo Bentancur Colmán,0.0047494477923595
Rodrigo Ely,0.0127375279269379
Rodri,0.0124278906198505
Rodrigo Javier de Paul,0.0202454081180469
Rodrigo,0.0845178415186524
Rodrigo Sebastián Palacio,0.0506070575467253
Rodrigue Casimir Ninga,0.0167184641196289
Roger Martí Salvador,0.066642933494939
Rogério Oliveira da Silva,0.0047533721889955
Rolando Aarons,0.0047699898296477
Rolando,0.013719239493107
Rolando Mandragora,0.0175102209099617
Romain Amalfitano,0.0041988750194149
Romain Danzé,0.0048092894207654
Romain Genevois,0.0049607016671178
Romain Hamouma,0.0522998300286317
Romain Thomas,0.0252536943485657
Romelu Lukaku Menama,0.1186631425716733
Ronaldo  Aparecido Rodrigues,0.0623857952573779
Ronaël Pierre-Gabriel,0.0047642813520462
Ronny Rodelin,0.0471546632353283
Roque Mesa Quevedo,0.0044598959754857
Ruben Aguilar,0.0043216419961356
Ruben Loftus-Cheek,0.0271832724211612
Rubén Castro Martín,0.0222808769303087
Rubén Duarte Sánchez,0.0041348562095465
Rubén Pardo Gutiérrez,0.0046294259049181
Rubén Peña Jiménez,0.0120308233020587
Rubén Salvador Pérez Del Mármol,0.004200337033077
Rubén Sobrino Pozuelo,0.0052494624739008
Ryad Boudebouz,0.0195357622497859
Ryan Bertrand,0.0049506651272284
Ryan Shawcross,0.0064558099152825
Ryder Matos Santos,0.0046965520371416
Rémi Walter,0.0048172330005734
Rémy Cabella,0.0541544511062752
Róbert Mazáň,0.0047902073714768
Rômulo  Souza Orestes Caldeira,0.0218812997745565
Sabin Merino Zuloaga,0.0048315310937643
Sadio Mané,0.0901824089360969
Sadiq Umar,0.0047902073714768
Saido Berahino,0.0046981662029046
Saidy Janko,0.004103334613697
Salif Sané,0.033564654027521
Salih Özcan,0.0054481611779555
Salomon Armand Magloire Kalou,0.1401827919930297
Salomon Junior Sambia,0.0045839050862499
Sam Baldock,0.0047902073714768
Sam Clucas,0.0049189972020342
Sam McQueen,0.0047632079108429
Sam Vokes,0.0328045559581081
Sami Khedira,0.0502274195119798
Samir Caetano de Souza Santos,0.0252386201966757
Samuel  Castillejo Azuaga,0.0332030586479455
Samuel Bastien,0.0047550628626248
Samuel García Sánchez,0.0047610811480656
Samuel Grandsir,0.0291826200304983
Samuel Gustafson,0.0047902073714768
Samuel Souprayen,0.0045064103318629
Samuel Yves Umtiti,0.0133053418191747
Sandro,0.0253815565102417
Sandro Wagner,0.1298439877380531
Sanjin Prcić,0.018207021844841
Santiago Juan Gentiletti Selak,0.004775117900389
Santiago Lionel Ascacíbar,0.0043329589473067
Santiago Mina Lorenzo,0.1239164173218217
Santy Ngom,0.0046854047422531
Sauli Väisänen,0.0047902073714768
Saîf-Eddine Khaoui,0.0467269707175909
Saúl Ñíguez Esclapez,0.0226959184707884
Saša Lukić,0.0047015321630955
Scott Malone,0.0043522739517772
Scott McTominay,0.0047476349151431
Sead Kolašinac,0.0247152928037311
Sebastian Langkamp,0.0049450310762299
Sebastian Maier,0.0047716819315225
Sebastian Prödl,0.0050523388997379
Sebastian Rudy,0.0048151933278787
Sebastien De Maio,0.0129542832591822
Sebastián Carlos Cristóforo Pepe,0.0047425013007498
Sehrou Guirassy,0.0891159364667786
Sejad Salihović,0.0048268026822772
Seko Fofana,0.0187126664861225
Senad Lulić,0.0210041176376526
Senna Miangue,0.0047902073714768
Serge  Gnabry,0.1498334059706322
Serge Aurier,0.0203570913578965
Serge Gakpé,0.0211537546953364
Sergej Milinković-Savić,0.0903388536021821
Sergi Darder Moll,0.0144595659364091
Sergi Gómez Solà,0.0052804568516015
Sergi Roberto Carnicer,0.0045180108695993
Sergio Busquets i Burgos,0.0124407157784041
Sergio Canales Madrazo,0.0505308714526091
Sergio Duvan Córdova Lezama,0.0048879729355699
Sergio Enrich Ametller,0.0561701221737643
Sergio Escudero Palomo,0.0045762656767596
Sergio Floccari,0.0363202644584784
Sergio García De La Fuente,0.0400224493734612
Sergio Gontán Gallardo,0.0039733018615029
Sergio Leonel Agüero del Castillo,0.2156575302030361
Sergio León Limones,0.0712898882286938
Sergio Mora Sánchez,0.0046535077793046
Sergio Pellissier,0.004844457724193
Sergio Postigo Redondo,0.0049639976558003
Sergio Ramos García,0.027556095642992
Seung-Woo Lee,0.0047976719271017
Shane  Long,0.0289903306695577
Shane Duffy,0.0061637911692494
Shawn Parker,0.0047647042098375
Shinji Okazaki,0.0589636841140274
Shkodran Mustafi,0.0311868656588875
Sidnei Rechel da Silva Júnior,0.0180101662696605
Silvan Widmer,0.0397978524639063
Simeon Tochukwu Nwankwo,0.0631314140521232
Simon Falette,0.0139919171650705
Simon Francis,0.0057571821375985
Simon Laner,0.0047902073714768
Simon Terodde,0.0704594410610162
Simon Thorup Kjær,0.0331263106492435
Simone Calvano,0.0048044100322938
Simone Edera,0.0047568525625742
Simone Lo Faso,0.0047902073714768
Simone Missiroli,0.005921071774333
Simone Padoin,0.0043970200872262
Simone Palombi,0.0047902073714768
Simone Pontisso,0.0047902073714768
Simone Verdi,0.0819210713699033
Simone Zaza,0.0601073090711136
Sofiane Boufal,0.0045142310895168
Sokratis Papastathopoulos,0.0253061132506165
Solly March,0.0043572072331401
Soualiho Meïté,0.0047453355973424
Souleymane Camara,0.0276900542928232
Stanislav Lobotka,0.0046275168257934
Steeve Yago,0.0044902219423732
Stef Peeters,0.0047586987604041
Stefan Bell,0.0192253236439529
Stefan Ilsanker,0.0048962705555227
Stefan Kießling,0.0049143459777953
Stefan Savić,0.0047046270860809
Stefan Simič,0.0047604828902269
Stefan de Vrij,0.0435787603494946
Stefano Sensi,0.0049751973682803
Stefano Sturaro,0.0047693670108612
Stephan El Shaarawy,0.0325144924283913
Stephan Lichtsteiner,0.0046186762060774
Stephane Omeonga,0.0047481672174826
Stephen Ward,0.0127517473792881
Stevan Jovetić,0.1709289978556629
Steve Cook,0.0163432507959146
Steve Mounié,0.0648190689817525
Steven Davis,0.0484423433682541
Steven Defour,0.0040676431056063
Steven N'Kemboanza Mike Christopher N'Zonzi,0.0152113112675381
Steven Zuber,0.0122501766993602
Stipe Perica,0.0115532571092117
Stéphane Bahoken,0.0881768463320099
Stéphane Darbion,0.0272899475726519
Stéphane Sessègnon,0.027811968767827
Suat Serdar,0.0220840578950899
Sung-Yeung Ki,0.0055527400572429
Svante Ingelsson,0.0047771357438127
Sven Bender,0.0262917114663698
Sven Schipplock,0.004811188313828
Séamus Coleman,0.0042457455811206
Sébastien Corchia,0.0046112272326264
Sébastien Haller,0.073094369858668
Takashi Inui,0.062452028782221
Taleb Tawatha,0.0047739103709446
Tammy Abraham,0.0436856417500327
Tanguy Ndombèlé Alvaro,0.0045334124244041
Theo  Walcott,0.0211861991514172
Theo Bernard François Hernández,0.0043719639004002
Theodor Gebre Selassie,0.0290559492667349
Thiago Alcântara do Nascimento,0.0381043035955968
Thiago Emiliano da Silva,0.0329554268807709
Thiago Henrique Mendes Ribeiro,0.0428905481956655
Thiago Maia Alencar,0.0036400784283294
Thiago Motta,0.0158227259022691
Thiago Rangel Cionek,0.0239014967440077
Thibault Giresse,0.0048007642090374
Thilo Kehrer,0.0258313712747556
Thomas Delaney,0.0254584422402593
Thomas Heurtaux,0.0044820218277661
Thomas Lemar,0.0208164111121622
Thomas Mangani,0.0214001525588892
Thomas Meunier,0.0248303069893053
Thomas Monconduit,0.0118269426575652
Thomas Müller,0.0733092320273989
Thomas Teye Partey,0.0281695679591616
Thomas Vermaelen,0.0050029636835093
Thorgan Hazard,0.0450260114975553
Théo Pellenard,0.0045304274758377
Tiago Manuel Dias Correia,0.0047498650485293
Tiemoué Bakayoko,0.0290573384744024
Tim Kleindienst,0.0421027780208256
Timo Baumgartl,0.005343658398296
Timo Werner,0.1078607256755001
Timothy Castagne,0.0047717329195273
Timothy Chandler,0.0429379133014569
Timothy Fosu-Mensah,0.0048195906452155
Tin Jedvaj,0.0047729800588804
Toby Alderweireld,0.0196663532839344
Tom Carroll,0.0048085920703384
Tom Cleverley,0.0261398404158829
Tom Davies,0.0220900095170913
Tom Smith,0.0044332633650089
Tomás Eduardo Rincón Hernández,0.0043578295018245
Tomás Pina Isla,0.0125224333898782
Toni Kroos,0.0487041072711979
Tony Jantschke,0.0047783301192829
Trent Alexander-Arnold,0.0118654839869749
Tristan Dingomé,0.0043490330556439
Troy Deeney,0.0589596537664507
Unai Bustinza Martínez,0.0228818118541233
Unai Núñez Gestoso,0.0137693192505971
Valentin Eysseric,0.0163597466789232
Valentin Rongier,0.0155968461006097
Valentin Rosier,0.0044415378592209
Valentín Vada,0.0048019267810076
Valerio Verre,0.0047756988076
Valon Behrami,0.0126791373278137
Valter Birsa,0.02768042247718
Valère Germain,0.0856878312450032
Vasco Regini,0.0047902073714768
Vasilije Janjičić,0.0047878420703268
Vassilis Torosidis,0.0046349682073215
Vedad Ibišević,0.0833086863719536
Vicente Iborra De La Fuente,0.0356972903076775
Victor James Osimhen,0.0048565360692978
Victor Moses,0.0401175798352565
Victor Nilsson Lindelöf,0.0049388850070779
Victor Wanyama,0.0193988288705618
Viktor Fischer,0.0048024683006441
Vincent Bessat,0.0043933718021409
Vincent Kompany,0.0148068675888438
Vincent Koziello,0.0118725135199063
Vincent Laurini,0.0048761881098168
Vincent Manceau,0.004289459749667
Vincent Nogueira,0.0047719612275844
Vincent Pajot,0.0303485570427881
Vincenzo Grifo,0.0047335382451906
Virgil van Dijk,0.0067612536587328
Vitor Hugo Franchescoli de Souza,0.0152970229755104
Vitorino Gabriel  Pacheco Antunes,0.0045886776000712
Vitorino Hilton da Silva,0.0047873462717985
Vittorio Parigini,0.004670486379229
Vlad Iulian Chiricheș,0.0047902073714768
Vladimír Darida,0.0040318572220539
Víctor Camarasa Ferrando,0.0204549522859456
Víctor Laguardia Cisneros,0.0342004499870681
Víctor Machín Pérez,0.0045898689215242
Víctor Ruíz Torre,0.024489850536288
Víctor Sánchez Mata,0.0041418549985752
Wahbi Khazri,0.0910222237308672
Walace Souza Silva,0.0045160989754445
Waldemar Anton,0.0053365823674147
Wallace,0.0047943846749475
Wayne Rooney,0.0375320643480025
Wayne Routledge,0.0047154513200093
Wendell Nascimento Borges,0.0146408266363209
Wes Morgan,0.00566061000642
Wesley Hoedt,0.0048494458777641
Wesley Saïd,0.1287344757413664
Weston  McKennie,0.0044520442616839
Wilfried Zaha,0.1081428579811223
Willi Orban,0.0216676574213649
William de Asevedo Furtado,0.0036842823980164
Willian Borges da Silva,0.0405016821147554
Willian José da Silva,0.103938047445788
Winston  Reid,0.0053808248670568
Wissam Ben Yedder,0.0608058541631031
Wylan Cyprien,0.0405588722340525
Xabier Etxeita Gorritxategi,0.0047902073714768
Xabier Prieto Argarate,0.0294413656353753
Xherdan Shaqiri,0.0703710654087941
Yann Karamoh,0.0047685016896962
Yannick Cahuzac,0.0049709828910827
Yannick Ferreira Carrasco,0.0720196861333183
Yannis Salibur,0.0488136084404186
Yassine Benzia,0.0136840471660647
Yassine El Ghanassy,0.0047885610628919
Yaya Sanogo,0.0677579736967537
Yevhen Konoplyanka,0.0255121455803409
Yoann  Gourcuff,0.0047100502869764
Yoann Andreu,0.0045131966598208
Yoann Salmier,0.0048045201958668
Yoel Armougom,0.0048121615500422
Yohan Cabaye,0.0053388218752572
Yoshinori Muto,0.0955610388035868
Younousse Sankharé,0.0726345642900726
Youri Tielemans,0.0046215755354628
Youssef Aït Bennasser,0.0043799976087669
Youssef En-Nesyri,0.0536645647684633
Youssouf Sabaly,0.0045325876676126
Yunus Mallı,0.0430822568327823
Yuri Berchiche Izeta,0.0172805779423224
Yussif Raman Chibsah,0.0046374973905783
Yussuf Yurary Poulsen,0.0387260912817379
Yuto Nagatomo,0.004826942185251
Yves Bissouma,0.0211157426837356
Yūya Ōsako,0.0612209444246045
Zakaria Bakkali,0.004706280470914
Zinédine Machach,0.0047902073714768
Zlatko Junuzović,0.0434915799037694
Zouhair Feddal,0.0579803601486068
Àngel Rangel Zaragoza,0.0047729199141687
Ádám Nagy,0.0123020344869057
Ádám Szalai,0.1044581029724438
Álvaro Borja Morata Martín,0.1098663888896765
Álvaro González Soberón,0.0049643989938451
Álvaro Medrán Just,0.0043215748258481
Álvaro Odriozola Arzallus,0.0045871731210107
Ángel Fabián di María Hernández,0.1101006922880682
Ángel Luis Rodríguez Díaz,0.1192817483725529
Ángel Martín Correa,0.0516166849834625
Édgar Osvaldo Barreto Cáceres,0.0041748145999075
Étienne Didot,0.0244150687888893
Éver Maximiliano David Banega,0.0245390847079895
Íñigo Lekue Martínez,0.0046146611756016
Íñigo Martínez Berridi,0.0053608780279774
Óscar Melendo Jiménez,0.0048544541189439
Óscar de Marcos Arana,0.0201262512842718
Ömer Toprak,0.0056487242065232
Ćazim Suljić,0.0047902073714768
İlkay Gündoğan,0.0341879577083653
Ľubomír Tupta,0.0048184513313127
Łukasz Piszczek,0.0048481417253481
Ştefan Daniel Radu,0.0044747427304181
Šime Vrsaljko,0.004889368633898
